cycle,name,current-object,current-action,time-left,sleep,hunger,social,hygene,culinary,outdoor,sport,knowlegable
1,Luna Cromwell,bed,sleep,8,35,0,-5,-5,-5,-5,0,0
2,Luna Cromwell,bed,sleep,7,70,0,-10,-10,-10,-10,0,0
3,Luna Cromwell,bed,sleep,6,100,0,-15,-15,-15,-15,0,0
4,Luna Cromwell,bed,sleep,5,100,0,-20,-20,-20,-20,0,0
5,Luna Cromwell,bed,sleep,4,100,0,-25,-25,-25,-25,0,0
6,Luna Cromwell,restaurant,eat,3,95,0,-20,-30,20,-30,0,0
7,Luna Cromwell,restaurant,eat,2,90,0,-15,-35,65,-35,0,0
8,Luna Cromwell,bathroom,wash-hands,1,85,0,-20,40,60,-40,0,0
9,Luna Cromwell,forest,walk,0,80,0,-25,35,55,-45,0,0
10,Luna Cromwell,forest,walk,-1,75,0,-30,30,50,-50,0,0
11,Luna Cromwell,forest,jog,2,70,0,-35,25,45,-15,0,0
12,Luna Cromwell,forest,walk,0,65,0,-40,20,40,-20,0,0
13,Luna Cromwell,restaurant,eat,3,60,0,-35,15,85,-25,0,0
14,Luna Cromwell,forest,walk,0,55,0,-40,10,80,-30,0,0
15,Luna Cromwell,forest,walk,-1,50,0,-45,5,75,-35,0,0
16,Luna Cromwell,forest,jog,2,45,0,-50,0,70,0,0,0
17,Luna Cromwell,forest,jog,1,40,0,-55,-5,65,35,0,0
18,Luna Cromwell,forest,walk,0,35,0,-60,-10,60,30,0,0
19,Luna Cromwell,forest,walk,-1,30,0,-65,-15,55,25,0,0
20,Luna Cromwell,restaurant,eat,3,25,0,-60,-20,100,20,0,0
21,Luna Cromwell,forest,walk,0,20,0,-65,-25,95,15,0,0
22,Luna Cromwell,bathroom,wash-hands,1,15,0,-70,50,90,10,0,0
23,Luna Cromwell,bathroom,wash-hands,0,10,0,-75,100,85,5,0,0
24,Luna Cromwell,bathroom,wash-hands,-1,5,0,-80,100,80,0,0,0
25,Luna Cromwell,bathroom,wash-hands,-2,0,0,-85,100,75,-5,0,0
26,Luna Cromwell,bathroom,wash-hands,-3,-5,0,-90,100,70,-10,0,0
27,Luna Cromwell,bathroom,wash-hands,-4,-10,0,-95,100,65,-15,0,0
28,Luna Cromwell,bathroom,wash-hands,-5,-15,0,-100,100,60,-20,0,0
29,Luna Cromwell,bathroom,wash-hands,-6,-20,0,-100,100,55,-25,0,0
30,Luna Cromwell,bathroom,wash-hands,-7,-25,0,-100,100,50,-30,0,0
31,Luna Cromwell,bathroom,wash-hands,-8,-30,0,-100,100,45,-35,0,0
32,Luna Cromwell,bed,sleep,8,5,0,-100,95,40,-40,0,0
33,Luna Cromwell,bathroom,wash-hands,1,0,0,-100,100,35,-45,0,0
34,Luna Cromwell,bathroom,wash-hands,0,-5,0,-100,100,30,-50,0,0
35,Luna Cromwell,bathroom,wash-hands,-1,-10,0,-100,100,25,-55,0,0
36,Luna Cromwell,bathroom,wash-hands,-2,-15,0,-100,100,20,-60,0,0
37,Luna Cromwell,bathroom,wash-hands,-3,-20,0,-100,100,15,-65,0,0
38,Luna Cromwell,bathroom,wash-hands,-4,-25,0,-100,100,10,-70,0,0
39,Luna Cromwell,bathroom,wash-hands,-5,-30,0,-100,100,5,-75,0,0
40,Luna Cromwell,bathroom,wash-hands,-6,-35,0,-100,100,0,-80,0,0
41,Luna Cromwell,bathroom,wash-hands,-7,-40,0,-100,100,-5,-85,0,0
42,Luna Cromwell,forest,walk,0,-45,0,-100,95,-10,-90,0,0
43,Luna Cromwell,bathroom,wash-hands,1,-50,0,-100,100,-15,-95,0,0
44,Luna Cromwell,bathroom,wash-hands,0,-55,0,-100,100,-20,-100,0,0
45,Luna Cromwell,bathroom,wash-hands,-1,-60,0,-100,100,-25,-100,0,0
46,Luna Cromwell,bathroom,wash-hands,-2,-65,0,-100,100,-30,-100,0,0
47,Luna Cromwell,bathroom,wash-hands,-3,-70,0,-100,100,-35,-100,0,0
48,Luna Cromwell,bed,sleep,8,-35,0,-100,95,-40,-100,0,0
49,Luna Cromwell,bed,sleep,7,0,0,-100,90,-45,-100,0,0
50,Luna Cromwell,bathroom,wash-hands,1,-5,0,-100,100,-50,-100,0,0
51,Luna Cromwell,bathroom,wash-hands,0,-10,0,-100,100,-55,-100,0,0
52,Luna Cromwell,bathroom,wash-hands,-1,-15,0,-100,100,-60,-100,0,0
53,Luna Cromwell,bathroom,wash-hands,-2,-20,0,-100,100,-65,-100,0,0
54,Luna Cromwell,bathroom,wash-hands,-3,-25,0,-100,100,-70,-100,0,0
55,Luna Cromwell,bathroom,wash-hands,-4,-30,0,-100,100,-75,-100,0,0
56,Luna Cromwell,restaurant,eat,3,-35,0,-90,95,-30,-100,0,0
57,Luna Cromwell,bathroom,wash-hands,1,-40,0,-95,100,-35,-100,0,0
58,Luna Cromwell,bathroom,wash-hands,0,-45,0,-100,100,-40,-100,0,0
59,Luna Cromwell,bathroom,wash-hands,-1,-50,0,-100,100,-45,-100,0,0
60,Luna Cromwell,bathroom,wash-hands,-2,-55,0,-100,100,-50,-100,0,0
61,Luna Cromwell,bathroom,wash-hands,-3,-60,0,-100,100,-55,-100,0,0
62,Luna Cromwell,bathroom,wash-hands,-4,-65,0,-100,100,-60,-100,0,0
63,Luna Cromwell,bed,sleep,8,-30,0,-100,95,-65,-100,0,0
64,Luna Cromwell,bathroom,wash-hands,1,-35,0,-100,100,-70,-100,0,0
65,Luna Cromwell,bathroom,wash-hands,0,-40,0,-100,100,-75,-100,0,0
66,Luna Cromwell,bathroom,wash-hands,-1,-45,0,-100,100,-80,-100,0,0
67,Luna Cromwell,bathroom,wash-hands,-2,-50,0,-100,100,-85,-100,0,0
68,Luna Cromwell,restaurant,eat,3,-55,0,-90,95,-40,-100,0,0
69,Luna Cromwell,bathroom,wash-hands,1,-60,0,-95,100,-45,-100,0,0
70,Luna Cromwell,bathroom,wash-hands,0,-65,0,-100,100,-50,-100,0,0
71,Luna Cromwell,bathroom,wash-hands,-1,-70,0,-100,100,-55,-100,0,0
72,Luna Cromwell,bathroom,wash-hands,-2,-75,0,-100,100,-60,-100,0,0
73,Luna Cromwell,bed,sleep,8,-40,0,-100,95,-65,-100,0,0
74,Luna Cromwell,bed,sleep,7,-5,0,-100,90,-70,-100,0,0
75,Luna Cromwell,bathroom,wash-hands,1,-10,0,-100,100,-75,-100,0,0
76,Luna Cromwell,bathroom,wash-hands,0,-15,0,-100,100,-80,-100,0,0
77,Luna Cromwell,bathroom,wash-hands,-1,-20,0,-100,100,-85,-100,0,0
78,Luna Cromwell,restaurant,eat,3,-25,0,-90,95,-40,-100,0,0
79,Luna Cromwell,bathroom,wash-hands,1,-30,0,-95,100,-45,-100,0,0
80,Luna Cromwell,bathroom,wash-hands,0,-35,0,-100,100,-50,-100,0,0
81,Luna Cromwell,bathroom,wash-hands,-1,-40,0,-100,100,-55,-100,0,0
82,Luna Cromwell,bathroom,wash-hands,-2,-45,0,-100,100,-60,-100,0,0
83,Luna Cromwell,bathroom,wash-hands,-3,-50,0,-100,100,-65,-100,0,0
84,Luna Cromwell,bathroom,wash-hands,-4,-55,0,-100,100,-70,-100,0,0
85,Luna Cromwell,bathroom,wash-hands,-5,-60,0,-100,100,-75,-100,0,0
86,Luna Cromwell,bed,sleep,8,-25,0,-100,95,-80,-100,0,0
87,Luna Cromwell,bathroom,wash-hands,1,-30,0,-100,100,-85,-100,0,0
88,Luna Cromwell,bathroom,wash-hands,0,-35,0,-100,100,-90,-100,0,0
89,Luna Cromwell,restaurant,eat,3,-40,0,-90,95,-45,-100,0,0
90,Luna Cromwell,bathroom,wash-hands,1,-45,0,-95,100,-50,-100,0,0
91,Luna Cromwell,bathroom,wash-hands,0,-50,0,-100,100,-55,-100,0,0
92,Luna Cromwell,bathroom,wash-hands,-1,-55,0,-100,100,-60,-100,0,0
93,Luna Cromwell,bathroom,wash-hands,-2,-60,0,-100,100,-65,-100,0,0
94,Luna Cromwell,bathroom,wash-hands,-3,-65,0,-100,100,-70,-100,0,0
95,Luna Cromwell,bed,sleep,8,-30,0,-100,95,-75,-100,0,0
96,Luna Cromwell,bathroom,wash-hands,1,-35,0,-100,100,-80,-100,0,0
97,Luna Cromwell,bathroom,wash-hands,0,-40,0,-100,100,-85,-100,0,0
98,Luna Cromwell,bathroom,wash-hands,-1,-45,0,-100,100,-90,-100,0,0
99,Luna Cromwell,restaurant,eat,3,-50,0,-90,95,-45,-100,0,0
100,Luna Cromwell,bathroom,wash-hands,1,-55,0,-95,100,-50,-100,0,0
101,Luna Cromwell,bathroom,wash-hands,0,-60,0,-100,100,-55,-100,0,0
102,Luna Cromwell,bathroom,wash-hands,-1,-65,0,-100,100,-60,-100,0,0
103,Luna Cromwell,bathroom,wash-hands,-2,-70,0,-100,100,-65,-100,0,0
104,Luna Cromwell,bed,sleep,8,-35,0,-100,95,-70,-100,0,0
105,Luna Cromwell,bed,sleep,7,0,0,-100,90,-75,-100,0,0
106,Luna Cromwell,bathroom,wash-hands,1,-5,0,-100,100,-80,-100,0,0
107,Luna Cromwell,bathroom,wash-hands,0,-10,0,-100,100,-85,-100,0,0
108,Luna Cromwell,bathroom,wash-hands,-1,-15,0,-100,100,-90,-100,0,0
109,Luna Cromwell,restaurant,eat,3,-20,0,-90,95,-45,-100,0,0
110,Luna Cromwell,bathroom,wash-hands,1,-25,0,-95,100,-50,-100,0,0
111,Luna Cromwell,bathroom,wash-hands,0,-30,0,-100,100,-55,-100,0,0
112,Luna Cromwell,bathroom,wash-hands,-1,-35,0,-100,100,-60,-100,0,0
113,Luna Cromwell,bathroom,wash-hands,-2,-40,0,-100,100,-65,-100,0,0
114,Luna Cromwell,bathroom,wash-hands,-3,-45,0,-100,100,-70,-100,0,0
115,Luna Cromwell,bathroom,wash-hands,-4,-50,0,-100,100,-75,-100,0,0
116,Luna Cromwell,restaurant,eat,3,-55,0,-90,95,-30,-100,0,0
117,Luna Cromwell,bathroom,wash-hands,1,-60,0,-95,100,-35,-100,0,0
118,Luna Cromwell,bathroom,wash-hands,0,-65,0,-100,100,-40,-100,0,0
119,Luna Cromwell,bathroom,wash-hands,-1,-70,0,-100,100,-45,-100,0,0
120,Luna Cromwell,bathroom,wash-hands,-2,-75,0,-100,100,-50,-100,0,0
121,Luna Cromwell,bed,sleep,8,-40,0,-100,95,-55,-100,0,0
122,Luna Cromwell,bed,sleep,7,-5,0,-100,90,-60,-100,0,0
123,Luna Cromwell,bathroom,wash-hands,1,-10,0,-100,100,-65,-100,0,0
124,Luna Cromwell,bathroom,wash-hands,0,-15,0,-100,100,-70,-100,0,0
125,Luna Cromwell,bathroom,wash-hands,-1,-20,0,-100,100,-75,-100,0,0
126,Luna Cromwell,bathroom,wash-hands,-2,-25,0,-100,100,-80,-100,0,0
127,Luna Cromwell,bathroom,wash-hands,-3,-30,0,-100,100,-85,-100,0,0
128,Luna Cromwell,restaurant,eat,3,-35,0,-90,95,-40,-100,0,0
129,Luna Cromwell,bathroom,wash-hands,1,-40,0,-95,100,-45,-100,0,0
130,Luna Cromwell,bathroom,wash-hands,0,-45,0,-100,100,-50,-100,0,0
131,Luna Cromwell,bathroom,wash-hands,-1,-50,0,-100,100,-55,-100,0,0
132,Luna Cromwell,bathroom,wash-hands,-2,-55,0,-100,100,-60,-100,0,0
133,Luna Cromwell,bathroom,wash-hands,-3,-60,0,-100,100,-65,-100,0,0
134,Luna Cromwell,bathroom,wash-hands,-4,-65,0,-100,100,-70,-100,0,0
135,Luna Cromwell,bed,sleep,8,-30,0,-100,95,-75,-100,0,0
136,Luna Cromwell,bathroom,wash-hands,1,-35,0,-100,100,-80,-100,0,0
137,Luna Cromwell,bathroom,wash-hands,0,-40,0,-100,100,-85,-100,0,0
138,Luna Cromwell,bathroom,wash-hands,-1,-45,0,-100,100,-90,-100,0,0
139,Luna Cromwell,restaurant,eat,3,-50,0,-90,95,-45,-100,0,0
140,Luna Cromwell,bathroom,wash-hands,1,-55,0,-95,100,-50,-100,0,0
141,Luna Cromwell,bathroom,wash-hands,0,-60,0,-100,100,-55,-100,0,0
142,Luna Cromwell,bathroom,wash-hands,-1,-65,0,-100,100,-60,-100,0,0
143,Luna Cromwell,bathroom,wash-hands,-2,-70,0,-100,100,-65,-100,0,0
144,Luna Cromwell,bed,sleep,8,-35,0,-100,95,-70,-100,0,0
145,Luna Cromwell,bed,sleep,7,0,0,-100,90,-75,-100,0,0
146,Luna Cromwell,bathroom,wash-hands,1,-5,0,-100,100,-80,-100,0,0
147,Luna Cromwell,bathroom,wash-hands,0,-10,0,-100,100,-85,-100,0,0
148,Luna Cromwell,bathroom,wash-hands,-1,-15,0,-100,100,-90,-100,0,0
149,Luna Cromwell,restaurant,eat,3,-20,0,-90,95,-45,-100,0,0
150,Luna Cromwell,bathroom,wash-hands,1,-25,0,-95,100,-50,-100,0,0
151,Luna Cromwell,bathroom,wash-hands,0,-30,0,-100,100,-55,-100,0,0
152,Luna Cromwell,bathroom,wash-hands,-1,-35,0,-100,100,-60,-100,0,0
153,Luna Cromwell,bathroom,wash-hands,-2,-40,0,-100,100,-65,-100,0,0
154,Luna Cromwell,bathroom,wash-hands,-3,-45,0,-100,100,-70,-100,0,0
155,Luna Cromwell,bathroom,wash-hands,-4,-50,0,-100,100,-75,-100,0,0
156,Luna Cromwell,restaurant,eat,3,-55,0,-90,95,-30,-100,0,0
157,Luna Cromwell,bathroom,wash-hands,1,-60,0,-95,100,-35,-100,0,0
158,Luna Cromwell,bathroom,wash-hands,0,-65,0,-100,100,-40,-100,0,0
159,Luna Cromwell,bathroom,wash-hands,-1,-70,0,-100,100,-45,-100,0,0
160,Luna Cromwell,bathroom,wash-hands,-2,-75,0,-100,100,-50,-100,0,0
161,Luna Cromwell,bed,sleep,8,-40,0,-100,95,-55,-100,0,0
162,Luna Cromwell,bed,sleep,7,-5,0,-100,90,-60,-100,0,0
163,Luna Cromwell,bathroom,wash-hands,1,-10,0,-100,100,-65,-100,0,0
164,Luna Cromwell,bathroom,wash-hands,0,-15,0,-100,100,-70,-100,0,0
165,Luna Cromwell,bathroom,wash-hands,-1,-20,0,-100,100,-75,-100,0,0
166,Luna Cromwell,bathroom,wash-hands,-2,-25,0,-100,100,-80,-100,0,0
167,Luna Cromwell,bathroom,wash-hands,-3,-30,0,-100,100,-85,-100,0,0
168,Luna Cromwell,restaurant,eat,3,-35,0,-90,95,-40,-100,0,0
169,Luna Cromwell,bathroom,wash-hands,1,-40,0,-95,100,-45,-100,0,0
170,Luna Cromwell,bathroom,wash-hands,0,-45,0,-100,100,-50,-100,0,0
171,Luna Cromwell,bathroom,wash-hands,-1,-50,0,-100,100,-55,-100,0,0
172,Luna Cromwell,bathroom,wash-hands,-2,-55,0,-100,100,-60,-100,0,0
173,Luna Cromwell,bathroom,wash-hands,-3,-60,0,-100,100,-65,-100,0,0
174,Luna Cromwell,bathroom,wash-hands,-4,-65,0,-100,100,-70,-100,0,0
175,Luna Cromwell,bed,sleep,8,-30,0,-100,95,-75,-100,0,0
176,Luna Cromwell,bathroom,wash-hands,1,-35,0,-100,100,-80,-100,0,0
177,Luna Cromwell,bathroom,wash-hands,0,-40,0,-100,100,-85,-100,0,0
178,Luna Cromwell,bathroom,wash-hands,-1,-45,0,-100,100,-90,-100,0,0
179,Luna Cromwell,restaurant,eat,3,-50,0,-90,95,-45,-100,0,0
180,Luna Cromwell,bathroom,wash-hands,1,-55,0,-95,100,-50,-100,0,0
181,Luna Cromwell,bathroom,wash-hands,0,-60,0,-100,100,-55,-100,0,0
182,Luna Cromwell,bathroom,wash-hands,-1,-65,0,-100,100,-60,-100,0,0
183,Luna Cromwell,bathroom,wash-hands,-2,-70,0,-100,100,-65,-100,0,0
184,Luna Cromwell,bed,sleep,8,-35,0,-100,95,-70,-100,0,0
185,Luna Cromwell,bed,sleep,7,0,0,-100,90,-75,-100,0,0
186,Luna Cromwell,bathroom,wash-hands,1,-5,0,-100,100,-80,-100,0,0
187,Luna Cromwell,bathroom,wash-hands,0,-10,0,-100,100,-85,-100,0,0
188,Luna Cromwell,bathroom,wash-hands,-1,-15,0,-100,100,-90,-100,0,0
189,Luna Cromwell,restaurant,eat,3,-20,0,-90,95,-45,-100,0,0
190,Luna Cromwell,bathroom,wash-hands,1,-25,0,-95,100,-50,-100,0,0
191,Luna Cromwell,bathroom,wash-hands,0,-30,0,-100,100,-55,-100,0,0
192,Luna Cromwell,bathroom,wash-hands,-1,-35,0,-100,100,-60,-100,0,0
193,Luna Cromwell,bathroom,wash-hands,-2,-40,0,-100,100,-65,-100,0,0
194,Luna Cromwell,bathroom,wash-hands,-3,-45,0,-100,100,-70,-100,0,0
195,Luna Cromwell,bathroom,wash-hands,-4,-50,0,-100,100,-75,-100,0,0
196,Luna Cromwell,restaurant,eat,3,-55,0,-90,95,-30,-100,0,0
197,Luna Cromwell,bathroom,wash-hands,1,-60,0,-95,100,-35,-100,0,0
198,Luna Cromwell,bathroom,wash-hands,0,-65,0,-100,100,-40,-100,0,0
199,Luna Cromwell,bathroom,wash-hands,-1,-70,0,-100,100,-45,-100,0,0
200,Luna Cromwell,bathroom,wash-hands,-2,-75,0,-100,100,-50,-100,0,0
201,Luna Cromwell,bed,sleep,8,-40,0,-100,95,-55,-100,0,0
202,Luna Cromwell,bed,sleep,7,-5,0,-100,90,-60,-100,0,0
203,Luna Cromwell,bathroom,wash-hands,1,-10,0,-100,100,-65,-100,0,0
204,Luna Cromwell,bathroom,wash-hands,0,-15,0,-100,100,-70,-100,0,0
205,Luna Cromwell,bathroom,wash-hands,-1,-20,0,-100,100,-75,-100,0,0
206,Luna Cromwell,bathroom,wash-hands,-2,-25,0,-100,100,-80,-100,0,0
207,Luna Cromwell,bathroom,wash-hands,-3,-30,0,-100,100,-85,-100,0,0
208,Luna Cromwell,restaurant,eat,3,-35,0,-90,95,-40,-100,0,0
209,Luna Cromwell,bathroom,wash-hands,1,-40,0,-95,100,-45,-100,0,0
210,Luna Cromwell,bathroom,wash-hands,0,-45,0,-100,100,-50,-100,0,0
211,Luna Cromwell,bathroom,wash-hands,-1,-50,0,-100,100,-55,-100,0,0
212,Luna Cromwell,bathroom,wash-hands,-2,-55,0,-100,100,-60,-100,0,0
213,Luna Cromwell,bathroom,wash-hands,-3,-60,0,-100,100,-65,-100,0,0
214,Luna Cromwell,bathroom,wash-hands,-4,-65,0,-100,100,-70,-100,0,0
215,Luna Cromwell,bed,sleep,8,-30,0,-100,95,-75,-100,0,0
216,Luna Cromwell,bathroom,wash-hands,1,-35,0,-100,100,-80,-100,0,0
217,Luna Cromwell,bathroom,wash-hands,0,-40,0,-100,100,-85,-100,0,0
218,Luna Cromwell,bathroom,wash-hands,-1,-45,0,-100,100,-90,-100,0,0
219,Luna Cromwell,restaurant,eat,3,-50,0,-90,95,-45,-100,0,0
220,Luna Cromwell,bathroom,wash-hands,1,-55,0,-95,100,-50,-100,0,0
221,Luna Cromwell,bathroom,wash-hands,0,-60,0,-100,100,-55,-100,0,0
222,Luna Cromwell,bathroom,wash-hands,-1,-65,0,-100,100,-60,-100,0,0
223,Luna Cromwell,bathroom,wash-hands,-2,-70,0,-100,100,-65,-100,0,0
224,Luna Cromwell,bed,sleep,8,-35,0,-100,95,-70,-100,0,0
225,Luna Cromwell,bed,sleep,7,0,0,-100,90,-75,-100,0,0
226,Luna Cromwell,bathroom,wash-hands,1,-5,0,-100,100,-80,-100,0,0
227,Luna Cromwell,bathroom,wash-hands,0,-10,0,-100,100,-85,-100,0,0
228,Luna Cromwell,bathroom,wash-hands,-1,-15,0,-100,100,-90,-100,0,0
229,Luna Cromwell,restaurant,eat,3,-20,0,-90,95,-45,-100,0,0
230,Luna Cromwell,bathroom,wash-hands,1,-25,0,-95,100,-50,-100,0,0
231,Luna Cromwell,bathroom,wash-hands,0,-30,0,-100,100,-55,-100,0,0
232,Luna Cromwell,bathroom,wash-hands,-1,-35,0,-100,100,-60,-100,0,0
233,Luna Cromwell,bathroom,wash-hands,-2,-40,0,-100,100,-65,-100,0,0
234,Luna Cromwell,bathroom,wash-hands,-3,-45,0,-100,100,-70,-100,0,0
235,Luna Cromwell,bathroom,wash-hands,-4,-50,0,-100,100,-75,-100,0,0
236,Luna Cromwell,restaurant,eat,3,-55,0,-90,95,-30,-100,0,0
237,Luna Cromwell,bathroom,wash-hands,1,-60,0,-95,100,-35,-100,0,0
238,Luna Cromwell,bathroom,wash-hands,0,-65,0,-100,100,-40,-100,0,0
239,Luna Cromwell,bathroom,wash-hands,-1,-70,0,-100,100,-45,-100,0,0
240,Luna Cromwell,bathroom,wash-hands,-2,-75,0,-100,100,-50,-100,0,0
241,Luna Cromwell,bed,sleep,8,-40,0,-100,95,-55,-100,0,0
242,Luna Cromwell,bed,sleep,7,-5,0,-100,90,-60,-100,0,0
243,Luna Cromwell,bathroom,wash-hands,1,-10,0,-100,100,-65,-100,0,0
244,Luna Cromwell,bathroom,wash-hands,0,-15,0,-100,100,-70,-100,0,0
245,Luna Cromwell,bathroom,wash-hands,-1,-20,0,-100,100,-75,-100,0,0
246,Luna Cromwell,bathroom,wash-hands,-2,-25,0,-100,100,-80,-100,0,0
247,Luna Cromwell,bathroom,wash-hands,-3,-30,0,-100,100,-85,-100,0,0
248,Luna Cromwell,restaurant,eat,3,-35,0,-90,95,-40,-100,0,0
249,Luna Cromwell,bathroom,wash-hands,1,-40,0,-95,100,-45,-100,0,0
250,Luna Cromwell,bathroom,wash-hands,0,-45,0,-100,100,-50,-100,0,0
251,Luna Cromwell,bathroom,wash-hands,-1,-50,0,-100,100,-55,-100,0,0
252,Luna Cromwell,bathroom,wash-hands,-2,-55,0,-100,100,-60,-100,0,0
253,Luna Cromwell,bathroom,wash-hands,-3,-60,0,-100,100,-65,-100,0,0
254,Luna Cromwell,bathroom,wash-hands,-4,-65,0,-100,100,-70,-100,0,0
255,Luna Cromwell,bed,sleep,8,-30,0,-100,95,-75,-100,0,0
256,Luna Cromwell,bathroom,wash-hands,1,-35,0,-100,100,-80,-100,0,0
257,Luna Cromwell,bathroom,wash-hands,0,-40,0,-100,100,-85,-100,0,0
258,Luna Cromwell,bathroom,wash-hands,-1,-45,0,-100,100,-90,-100,0,0
259,Luna Cromwell,restaurant,eat,3,-50,0,-90,95,-45,-100,0,0
260,Luna Cromwell,bathroom,wash-hands,1,-55,0,-95,100,-50,-100,0,0
261,Luna Cromwell,bathroom,wash-hands,0,-60,0,-100,100,-55,-100,0,0
262,Luna Cromwell,bathroom,wash-hands,-1,-65,0,-100,100,-60,-100,0,0
263,Luna Cromwell,bathroom,wash-hands,-2,-70,0,-100,100,-65,-100,0,0
264,Luna Cromwell,bed,sleep,8,-35,0,-100,95,-70,-100,0,0
265,Luna Cromwell,bed,sleep,7,0,0,-100,90,-75,-100,0,0
266,Luna Cromwell,bathroom,wash-hands,1,-5,0,-100,100,-80,-100,0,0
267,Luna Cromwell,bathroom,wash-hands,0,-10,0,-100,100,-85,-100,0,0
268,Luna Cromwell,bathroom,wash-hands,-1,-15,0,-100,100,-90,-100,0,0
269,Luna Cromwell,restaurant,eat,3,-20,0,-90,95,-45,-100,0,0
270,Luna Cromwell,bathroom,wash-hands,1,-25,0,-95,100,-50,-100,0,0
271,Luna Cromwell,bathroom,wash-hands,0,-30,0,-100,100,-55,-100,0,0
272,Luna Cromwell,bathroom,wash-hands,-1,-35,0,-100,100,-60,-100,0,0
273,Luna Cromwell,bathroom,wash-hands,-2,-40,0,-100,100,-65,-100,0,0
274,Luna Cromwell,bathroom,wash-hands,-3,-45,0,-100,100,-70,-100,0,0
275,Luna Cromwell,bathroom,wash-hands,-4,-50,0,-100,100,-75,-100,0,0
276,Luna Cromwell,restaurant,eat,3,-55,0,-90,95,-30,-100,0,0
277,Luna Cromwell,bathroom,wash-hands,1,-60,0,-95,100,-35,-100,0,0
278,Luna Cromwell,bathroom,wash-hands,0,-65,0,-100,100,-40,-100,0,0
279,Luna Cromwell,bathroom,wash-hands,-1,-70,0,-100,100,-45,-100,0,0
280,Luna Cromwell,bathroom,wash-hands,-2,-75,0,-100,100,-50,-100,0,0
281,Luna Cromwell,bed,sleep,8,-40,0,-100,95,-55,-100,0,0
282,Luna Cromwell,bed,sleep,7,-5,0,-100,90,-60,-100,0,0
283,Luna Cromwell,bathroom,wash-hands,1,-10,0,-100,100,-65,-100,0,0
284,Luna Cromwell,bathroom,wash-hands,0,-15,0,-100,100,-70,-100,0,0
285,Luna Cromwell,bathroom,wash-hands,-1,-20,0,-100,100,-75,-100,0,0
286,Luna Cromwell,bathroom,wash-hands,-2,-25,0,-100,100,-80,-100,0,0
287,Luna Cromwell,bathroom,wash-hands,-3,-30,0,-100,100,-85,-100,0,0
288,Luna Cromwell,restaurant,eat,3,-35,0,-90,95,-40,-100,0,0
289,Luna Cromwell,bathroom,wash-hands,1,-40,0,-95,100,-45,-100,0,0
290,Luna Cromwell,bathroom,wash-hands,0,-45,0,-100,100,-50,-100,0,0
291,Luna Cromwell,bathroom,wash-hands,-1,-50,0,-100,100,-55,-100,0,0
292,Luna Cromwell,bathroom,wash-hands,-2,-55,0,-100,100,-60,-100,0,0
293,Luna Cromwell,bathroom,wash-hands,-3,-60,0,-100,100,-65,-100,0,0
294,Luna Cromwell,bathroom,wash-hands,-4,-65,0,-100,100,-70,-100,0,0
295,Luna Cromwell,bed,sleep,8,-30,0,-100,95,-75,-100,0,0
296,Luna Cromwell,bathroom,wash-hands,1,-35,0,-100,100,-80,-100,0,0
297,Luna Cromwell,bathroom,wash-hands,0,-40,0,-100,100,-85,-100,0,0
298,Luna Cromwell,bathroom,wash-hands,-1,-45,0,-100,100,-90,-100,0,0
299,Luna Cromwell,restaurant,eat,3,-50,0,-90,95,-45,-100,0,0
300,Luna Cromwell,bathroom,wash-hands,1,-55,0,-95,100,-50,-100,0,0
301,Luna Cromwell,bathroom,wash-hands,0,-60,0,-100,100,-55,-100,0,0
302,Luna Cromwell,bathroom,wash-hands,-1,-65,0,-100,100,-60,-100,0,0
303,Luna Cromwell,bathroom,wash-hands,-2,-70,0,-100,100,-65,-100,0,0
304,Luna Cromwell,bed,sleep,8,-35,0,-100,95,-70,-100,0,0
305,Luna Cromwell,bed,sleep,7,0,0,-100,90,-75,-100,0,0
306,Luna Cromwell,bathroom,wash-hands,1,-5,0,-100,100,-80,-100,0,0
307,Luna Cromwell,bathroom,wash-hands,0,-10,0,-100,100,-85,-100,0,0
308,Luna Cromwell,bathroom,wash-hands,-1,-15,0,-100,100,-90,-100,0,0
309,Luna Cromwell,restaurant,eat,3,-20,0,-90,95,-45,-100,0,0
310,Luna Cromwell,bathroom,wash-hands,1,-25,0,-95,100,-50,-100,0,0
311,Luna Cromwell,bathroom,wash-hands,0,-30,0,-100,100,-55,-100,0,0
312,Luna Cromwell,bathroom,wash-hands,-1,-35,0,-100,100,-60,-100,0,0
313,Luna Cromwell,bathroom,wash-hands,-2,-40,0,-100,100,-65,-100,0,0
314,Luna Cromwell,bathroom,wash-hands,-3,-45,0,-100,100,-70,-100,0,0
315,Luna Cromwell,bathroom,wash-hands,-4,-50,0,-100,100,-75,-100,0,0
316,Luna Cromwell,restaurant,eat,3,-55,0,-90,95,-30,-100,0,0
317,Luna Cromwell,bathroom,wash-hands,1,-60,0,-95,100,-35,-100,0,0
318,Luna Cromwell,bathroom,wash-hands,0,-65,0,-100,100,-40,-100,0,0
319,Luna Cromwell,bathroom,wash-hands,-1,-70,0,-100,100,-45,-100,0,0
320,Luna Cromwell,bathroom,wash-hands,-2,-75,0,-100,100,-50,-100,0,0
321,Luna Cromwell,bed,sleep,8,-40,0,-100,95,-55,-100,0,0
322,Luna Cromwell,bed,sleep,7,-5,0,-100,90,-60,-100,0,0
323,Luna Cromwell,bathroom,wash-hands,1,-10,0,-100,100,-65,-100,0,0
324,Luna Cromwell,bathroom,wash-hands,0,-15,0,-100,100,-70,-100,0,0
325,Luna Cromwell,bathroom,wash-hands,-1,-20,0,-100,100,-75,-100,0,0
326,Luna Cromwell,bathroom,wash-hands,-2,-25,0,-100,100,-80,-100,0,0
327,Luna Cromwell,bathroom,wash-hands,-3,-30,0,-100,100,-85,-100,0,0
328,Luna Cromwell,restaurant,eat,3,-35,0,-90,95,-40,-100,0,0
329,Luna Cromwell,bathroom,wash-hands,1,-40,0,-95,100,-45,-100,0,0
330,Luna Cromwell,bathroom,wash-hands,0,-45,0,-100,100,-50,-100,0,0
331,Luna Cromwell,bathroom,wash-hands,-1,-50,0,-100,100,-55,-100,0,0
332,Luna Cromwell,bathroom,wash-hands,-2,-55,0,-100,100,-60,-100,0,0
333,Luna Cromwell,bathroom,wash-hands,-3,-60,0,-100,100,-65,-100,0,0
334,Luna Cromwell,bathroom,wash-hands,-4,-65,0,-100,100,-70,-100,0,0
335,Luna Cromwell,bed,sleep,8,-30,0,-100,95,-75,-100,0,0
336,Luna Cromwell,bathroom,wash-hands,1,-35,0,-100,100,-80,-100,0,0
337,Luna Cromwell,bathroom,wash-hands,0,-40,0,-100,100,-85,-100,0,0
338,Luna Cromwell,bathroom,wash-hands,-1,-45,0,-100,100,-90,-100,0,0
339,Luna Cromwell,restaurant,eat,3,-50,0,-90,95,-45,-100,0,0
340,Luna Cromwell,bathroom,wash-hands,1,-55,0,-95,100,-50,-100,0,0
341,Luna Cromwell,bathroom,wash-hands,0,-60,0,-100,100,-55,-100,0,0
342,Luna Cromwell,bathroom,wash-hands,-1,-65,0,-100,100,-60,-100,0,0
343,Luna Cromwell,bathroom,wash-hands,-2,-70,0,-100,100,-65,-100,0,0
344,Luna Cromwell,bed,sleep,8,-35,0,-100,95,-70,-100,0,0
345,Luna Cromwell,bed,sleep,7,0,0,-100,90,-75,-100,0,0
346,Luna Cromwell,bathroom,wash-hands,1,-5,0,-100,100,-80,-100,0,0
347,Luna Cromwell,bathroom,wash-hands,0,-10,0,-100,100,-85,-100,0,0
348,Luna Cromwell,bathroom,wash-hands,-1,-15,0,-100,100,-90,-100,0,0
349,Luna Cromwell,restaurant,eat,3,-20,0,-90,95,-45,-100,0,0
350,Luna Cromwell,bathroom,wash-hands,1,-25,0,-95,100,-50,-100,0,0
351,Luna Cromwell,bathroom,wash-hands,0,-30,0,-100,100,-55,-100,0,0
352,Luna Cromwell,bathroom,wash-hands,-1,-35,0,-100,100,-60,-100,0,0
353,Luna Cromwell,bathroom,wash-hands,-2,-40,0,-100,100,-65,-100,0,0
354,Luna Cromwell,bathroom,wash-hands,-3,-45,0,-100,100,-70,-100,0,0
355,Luna Cromwell,bathroom,wash-hands,-4,-50,0,-100,100,-75,-100,0,0
356,Luna Cromwell,restaurant,eat,3,-55,0,-90,95,-30,-100,0,0
357,Luna Cromwell,bathroom,wash-hands,1,-60,0,-95,100,-35,-100,0,0
358,Luna Cromwell,bathroom,wash-hands,0,-65,0,-100,100,-40,-100,0,0
359,Luna Cromwell,bathroom,wash-hands,-1,-70,0,-100,100,-45,-100,0,0
360,Luna Cromwell,bathroom,wash-hands,-2,-75,0,-100,100,-50,-100,0,0
361,Luna Cromwell,bed,sleep,8,-40,0,-100,95,-55,-100,0,0
362,Luna Cromwell,bed,sleep,7,-5,0,-100,90,-60,-100,0,0
363,Luna Cromwell,bathroom,wash-hands,1,-10,0,-100,100,-65,-100,0,0
364,Luna Cromwell,bathroom,wash-hands,0,-15,0,-100,100,-70,-100,0,0
365,Luna Cromwell,bathroom,wash-hands,-1,-20,0,-100,100,-75,-100,0,0
366,Luna Cromwell,bathroom,wash-hands,-2,-25,0,-100,100,-80,-100,0,0
367,Luna Cromwell,bathroom,wash-hands,-3,-30,0,-100,100,-85,-100,0,0
368,Luna Cromwell,restaurant,eat,3,-35,0,-90,95,-40,-100,0,0
369,Luna Cromwell,bathroom,wash-hands,1,-40,0,-95,100,-45,-100,0,0
370,Luna Cromwell,bathroom,wash-hands,0,-45,0,-100,100,-50,-100,0,0
371,Luna Cromwell,bathroom,wash-hands,-1,-50,0,-100,100,-55,-100,0,0
372,Luna Cromwell,bathroom,wash-hands,-2,-55,0,-100,100,-60,-100,0,0
373,Luna Cromwell,bathroom,wash-hands,-3,-60,0,-100,100,-65,-100,0,0
374,Luna Cromwell,bathroom,wash-hands,-4,-65,0,-100,100,-70,-100,0,0
375,Luna Cromwell,bed,sleep,8,-30,0,-100,95,-75,-100,0,0
376,Luna Cromwell,bathroom,wash-hands,1,-35,0,-100,100,-80,-100,0,0
377,Luna Cromwell,bathroom,wash-hands,0,-40,0,-100,100,-85,-100,0,0
378,Luna Cromwell,bathroom,wash-hands,-1,-45,0,-100,100,-90,-100,0,0
379,Luna Cromwell,restaurant,eat,3,-50,0,-90,95,-45,-100,0,0
380,Luna Cromwell,bathroom,wash-hands,1,-55,0,-95,100,-50,-100,0,0
381,Luna Cromwell,bathroom,wash-hands,0,-60,0,-100,100,-55,-100,0,0
382,Luna Cromwell,bathroom,wash-hands,-1,-65,0,-100,100,-60,-100,0,0
383,Luna Cromwell,bathroom,wash-hands,-2,-70,0,-100,100,-65,-100,0,0
384,Luna Cromwell,bed,sleep,8,-35,0,-100,95,-70,-100,0,0
385,Luna Cromwell,bed,sleep,7,0,0,-100,90,-75,-100,0,0
386,Luna Cromwell,bathroom,wash-hands,1,-5,0,-100,100,-80,-100,0,0
387,Luna Cromwell,bathroom,wash-hands,0,-10,0,-100,100,-85,-100,0,0
388,Luna Cromwell,bathroom,wash-hands,-1,-15,0,-100,100,-90,-100,0,0
389,Luna Cromwell,restaurant,eat,3,-20,0,-90,95,-45,-100,0,0
390,Luna Cromwell,bathroom,wash-hands,1,-25,0,-95,100,-50,-100,0,0
391,Luna Cromwell,bathroom,wash-hands,0,-30,0,-100,100,-55,-100,0,0
392,Luna Cromwell,bathroom,wash-hands,-1,-35,0,-100,100,-60,-100,0,0
393,Luna Cromwell,bathroom,wash-hands,-2,-40,0,-100,100,-65,-100,0,0
394,Luna Cromwell,bathroom,wash-hands,-3,-45,0,-100,100,-70,-100,0,0
395,Luna Cromwell,bathroom,wash-hands,-4,-50,0,-100,100,-75,-100,0,0
396,Luna Cromwell,restaurant,eat,3,-55,0,-90,95,-30,-100,0,0
397,Luna Cromwell,bathroom,wash-hands,1,-60,0,-95,100,-35,-100,0,0
398,Luna Cromwell,bathroom,wash-hands,0,-65,0,-100,100,-40,-100,0,0
399,Luna Cromwell,bathroom,wash-hands,-1,-70,0,-100,100,-45,-100,0,0
400,Luna Cromwell,bathroom,wash-hands,-2,-75,0,-100,100,-50,-100,0,0
401,Luna Cromwell,bed,sleep,8,-40,0,-100,95,-55,-100,0,0
402,Luna Cromwell,bed,sleep,7,-5,0,-100,90,-60,-100,0,0
403,Luna Cromwell,bathroom,wash-hands,1,-10,0,-100,100,-65,-100,0,0
404,Luna Cromwell,bathroom,wash-hands,0,-15,0,-100,100,-70,-100,0,0
405,Luna Cromwell,bathroom,wash-hands,-1,-20,0,-100,100,-75,-100,0,0
406,Luna Cromwell,bathroom,wash-hands,-2,-25,0,-100,100,-80,-100,0,0
407,Luna Cromwell,bathroom,wash-hands,-3,-30,0,-100,100,-85,-100,0,0
408,Luna Cromwell,restaurant,eat,3,-35,0,-90,95,-40,-100,0,0
409,Luna Cromwell,bathroom,wash-hands,1,-40,0,-95,100,-45,-100,0,0
410,Luna Cromwell,bathroom,wash-hands,0,-45,0,-100,100,-50,-100,0,0
411,Luna Cromwell,bathroom,wash-hands,-1,-50,0,-100,100,-55,-100,0,0
412,Luna Cromwell,bathroom,wash-hands,-2,-55,0,-100,100,-60,-100,0,0
413,Luna Cromwell,bathroom,wash-hands,-3,-60,0,-100,100,-65,-100,0,0
414,Luna Cromwell,bathroom,wash-hands,-4,-65,0,-100,100,-70,-100,0,0
415,Luna Cromwell,bed,sleep,8,-30,0,-100,95,-75,-100,0,0
416,Luna Cromwell,bathroom,wash-hands,1,-35,0,-100,100,-80,-100,0,0
417,Luna Cromwell,bathroom,wash-hands,0,-40,0,-100,100,-85,-100,0,0
418,Luna Cromwell,bathroom,wash-hands,-1,-45,0,-100,100,-90,-100,0,0
419,Luna Cromwell,restaurant,eat,3,-50,0,-90,95,-45,-100,0,0
420,Luna Cromwell,bathroom,wash-hands,1,-55,0,-95,100,-50,-100,0,0
421,Luna Cromwell,bathroom,wash-hands,0,-60,0,-100,100,-55,-100,0,0
422,Luna Cromwell,bathroom,wash-hands,-1,-65,0,-100,100,-60,-100,0,0
423,Luna Cromwell,bathroom,wash-hands,-2,-70,0,-100,100,-65,-100,0,0
424,Luna Cromwell,bed,sleep,8,-35,0,-100,95,-70,-100,0,0
425,Luna Cromwell,bed,sleep,7,0,0,-100,90,-75,-100,0,0
426,Luna Cromwell,bathroom,wash-hands,1,-5,0,-100,100,-80,-100,0,0
427,Luna Cromwell,bathroom,wash-hands,0,-10,0,-100,100,-85,-100,0,0
428,Luna Cromwell,bathroom,wash-hands,-1,-15,0,-100,100,-90,-100,0,0
429,Luna Cromwell,restaurant,eat,3,-20,0,-90,95,-45,-100,0,0
430,Luna Cromwell,bathroom,wash-hands,1,-25,0,-95,100,-50,-100,0,0
431,Luna Cromwell,bathroom,wash-hands,0,-30,0,-100,100,-55,-100,0,0
432,Luna Cromwell,bathroom,wash-hands,-1,-35,0,-100,100,-60,-100,0,0
433,Luna Cromwell,bathroom,wash-hands,-2,-40,0,-100,100,-65,-100,0,0
434,Luna Cromwell,bathroom,wash-hands,-3,-45,0,-100,100,-70,-100,0,0
435,Luna Cromwell,bathroom,wash-hands,-4,-50,0,-100,100,-75,-100,0,0
436,Luna Cromwell,restaurant,eat,3,-55,0,-90,95,-30,-100,0,0
437,Luna Cromwell,bathroom,wash-hands,1,-60,0,-95,100,-35,-100,0,0
438,Luna Cromwell,bathroom,wash-hands,0,-65,0,-100,100,-40,-100,0,0
439,Luna Cromwell,bathroom,wash-hands,-1,-70,0,-100,100,-45,-100,0,0
440,Luna Cromwell,bathroom,wash-hands,-2,-75,0,-100,100,-50,-100,0,0
441,Luna Cromwell,bed,sleep,8,-40,0,-100,95,-55,-100,0,0
442,Luna Cromwell,bed,sleep,7,-5,0,-100,90,-60,-100,0,0
443,Luna Cromwell,bathroom,wash-hands,1,-10,0,-100,100,-65,-100,0,0
444,Luna Cromwell,bathroom,wash-hands,0,-15,0,-100,100,-70,-100,0,0
445,Luna Cromwell,bathroom,wash-hands,-1,-20,0,-100,100,-75,-100,0,0
446,Luna Cromwell,bathroom,wash-hands,-2,-25,0,-100,100,-80,-100,0,0
447,Luna Cromwell,bathroom,wash-hands,-3,-30,0,-100,100,-85,-100,0,0
448,Luna Cromwell,restaurant,eat,3,-35,0,-90,95,-40,-100,0,0
449,Luna Cromwell,bathroom,wash-hands,1,-40,0,-95,100,-45,-100,0,0
450,Luna Cromwell,bathroom,wash-hands,0,-45,0,-100,100,-50,-100,0,0
451,Luna Cromwell,bathroom,wash-hands,-1,-50,0,-100,100,-55,-100,0,0
452,Luna Cromwell,bathroom,wash-hands,-2,-55,0,-100,100,-60,-100,0,0
453,Luna Cromwell,bathroom,wash-hands,-3,-60,0,-100,100,-65,-100,0,0
454,Luna Cromwell,bathroom,wash-hands,-4,-65,0,-100,100,-70,-100,0,0
455,Luna Cromwell,bed,sleep,8,-30,0,-100,95,-75,-100,0,0
456,Luna Cromwell,bathroom,wash-hands,1,-35,0,-100,100,-80,-100,0,0
457,Luna Cromwell,bathroom,wash-hands,0,-40,0,-100,100,-85,-100,0,0
458,Luna Cromwell,bathroom,wash-hands,-1,-45,0,-100,100,-90,-100,0,0
459,Luna Cromwell,restaurant,eat,3,-50,0,-90,95,-45,-100,0,0
460,Luna Cromwell,bathroom,wash-hands,1,-55,0,-95,100,-50,-100,0,0
461,Luna Cromwell,bathroom,wash-hands,0,-60,0,-100,100,-55,-100,0,0
462,Luna Cromwell,bathroom,wash-hands,-1,-65,0,-100,100,-60,-100,0,0
463,Luna Cromwell,bathroom,wash-hands,-2,-70,0,-100,100,-65,-100,0,0
464,Luna Cromwell,bed,sleep,8,-35,0,-100,95,-70,-100,0,0
465,Luna Cromwell,bed,sleep,7,0,0,-100,90,-75,-100,0,0
466,Luna Cromwell,bathroom,wash-hands,1,-5,0,-100,100,-80,-100,0,0
467,Luna Cromwell,bathroom,wash-hands,0,-10,0,-100,100,-85,-100,0,0
468,Luna Cromwell,bathroom,wash-hands,-1,-15,0,-100,100,-90,-100,0,0
469,Luna Cromwell,restaurant,eat,3,-20,0,-90,95,-45,-100,0,0
470,Luna Cromwell,bathroom,wash-hands,1,-25,0,-95,100,-50,-100,0,0
471,Luna Cromwell,bathroom,wash-hands,0,-30,0,-100,100,-55,-100,0,0
472,Luna Cromwell,bathroom,wash-hands,-1,-35,0,-100,100,-60,-100,0,0
473,Luna Cromwell,bathroom,wash-hands,-2,-40,0,-100,100,-65,-100,0,0
474,Luna Cromwell,bathroom,wash-hands,-3,-45,0,-100,100,-70,-100,0,0
475,Luna Cromwell,bathroom,wash-hands,-4,-50,0,-100,100,-75,-100,0,0
476,Luna Cromwell,restaurant,eat,3,-55,0,-90,95,-30,-100,0,0
477,Luna Cromwell,bathroom,wash-hands,1,-60,0,-95,100,-35,-100,0,0
478,Luna Cromwell,bathroom,wash-hands,0,-65,0,-100,100,-40,-100,0,0
479,Luna Cromwell,bathroom,wash-hands,-1,-70,0,-100,100,-45,-100,0,0
480,Luna Cromwell,bathroom,wash-hands,-2,-75,0,-100,100,-50,-100,0,0
481,Luna Cromwell,bed,sleep,8,-40,0,-100,95,-55,-100,0,0
482,Luna Cromwell,bed,sleep,7,-5,0,-100,90,-60,-100,0,0
483,Luna Cromwell,bathroom,wash-hands,1,-10,0,-100,100,-65,-100,0,0
484,Luna Cromwell,bathroom,wash-hands,0,-15,0,-100,100,-70,-100,0,0
485,Luna Cromwell,bathroom,wash-hands,-1,-20,0,-100,100,-75,-100,0,0
486,Luna Cromwell,bathroom,wash-hands,-2,-25,0,-100,100,-80,-100,0,0
487,Luna Cromwell,bathroom,wash-hands,-3,-30,0,-100,100,-85,-100,0,0
488,Luna Cromwell,restaurant,eat,3,-35,0,-90,95,-40,-100,0,0
489,Luna Cromwell,bathroom,wash-hands,1,-40,0,-95,100,-45,-100,0,0
490,Luna Cromwell,bathroom,wash-hands,0,-45,0,-100,100,-50,-100,0,0
491,Luna Cromwell,bathroom,wash-hands,-1,-50,0,-100,100,-55,-100,0,0
492,Luna Cromwell,bathroom,wash-hands,-2,-55,0,-100,100,-60,-100,0,0
493,Luna Cromwell,bathroom,wash-hands,-3,-60,0,-100,100,-65,-100,0,0
494,Luna Cromwell,bathroom,wash-hands,-4,-65,0,-100,100,-70,-100,0,0
495,Luna Cromwell,bed,sleep,8,-30,0,-100,95,-75,-100,0,0
496,Luna Cromwell,bathroom,wash-hands,1,-35,0,-100,100,-80,-100,0,0
497,Luna Cromwell,bathroom,wash-hands,0,-40,0,-100,100,-85,-100,0,0
498,Luna Cromwell,bathroom,wash-hands,-1,-45,0,-100,100,-90,-100,0,0
499,Luna Cromwell,restaurant,eat,3,-50,0,-90,95,-45,-100,0,0
500,Luna Cromwell,bathroom,wash-hands,1,-55,0,-95,100,-50,-100,0,0
501,Luna Cromwell,bathroom,wash-hands,0,-60,0,-100,100,-55,-100,0,0
502,Luna Cromwell,bathroom,wash-hands,-1,-65,0,-100,100,-60,-100,0,0
503,Luna Cromwell,bathroom,wash-hands,-2,-70,0,-100,100,-65,-100,0,0
504,Luna Cromwell,bed,sleep,8,-35,0,-100,95,-70,-100,0,0
505,Luna Cromwell,bed,sleep,7,0,0,-100,90,-75,-100,0,0
506,Luna Cromwell,bathroom,wash-hands,1,-5,0,-100,100,-80,-100,0,0
507,Luna Cromwell,bathroom,wash-hands,0,-10,0,-100,100,-85,-100,0,0
508,Luna Cromwell,bathroom,wash-hands,-1,-15,0,-100,100,-90,-100,0,0
509,Luna Cromwell,restaurant,eat,3,-20,0,-90,95,-45,-100,0,0
510,Luna Cromwell,bathroom,wash-hands,1,-25,0,-95,100,-50,-100,0,0
511,Luna Cromwell,bathroom,wash-hands,0,-30,0,-100,100,-55,-100,0,0
512,Luna Cromwell,bathroom,wash-hands,-1,-35,0,-100,100,-60,-100,0,0
513,Luna Cromwell,bathroom,wash-hands,-2,-40,0,-100,100,-65,-100,0,0
514,Luna Cromwell,bathroom,wash-hands,-3,-45,0,-100,100,-70,-100,0,0
515,Luna Cromwell,bathroom,wash-hands,-4,-50,0,-100,100,-75,-100,0,0
516,Luna Cromwell,restaurant,eat,3,-55,0,-90,95,-30,-100,0,0
517,Luna Cromwell,bathroom,wash-hands,1,-60,0,-95,100,-35,-100,0,0
518,Luna Cromwell,bathroom,wash-hands,0,-65,0,-100,100,-40,-100,0,0
519,Luna Cromwell,bathroom,wash-hands,-1,-70,0,-100,100,-45,-100,0,0
520,Luna Cromwell,bathroom,wash-hands,-2,-75,0,-100,100,-50,-100,0,0
521,Luna Cromwell,bed,sleep,8,-40,0,-100,95,-55,-100,0,0
522,Luna Cromwell,bed,sleep,7,-5,0,-100,90,-60,-100,0,0
523,Luna Cromwell,bathroom,wash-hands,1,-10,0,-100,100,-65,-100,0,0
524,Luna Cromwell,bathroom,wash-hands,0,-15,0,-100,100,-70,-100,0,0
525,Luna Cromwell,bathroom,wash-hands,-1,-20,0,-100,100,-75,-100,0,0
526,Luna Cromwell,bathroom,wash-hands,-2,-25,0,-100,100,-80,-100,0,0
527,Luna Cromwell,bathroom,wash-hands,-3,-30,0,-100,100,-85,-100,0,0
528,Luna Cromwell,restaurant,eat,3,-35,0,-90,95,-40,-100,0,0
529,Luna Cromwell,bathroom,wash-hands,1,-40,0,-95,100,-45,-100,0,0
530,Luna Cromwell,bathroom,wash-hands,0,-45,0,-100,100,-50,-100,0,0
531,Luna Cromwell,bathroom,wash-hands,-1,-50,0,-100,100,-55,-100,0,0
532,Luna Cromwell,bathroom,wash-hands,-2,-55,0,-100,100,-60,-100,0,0
533,Luna Cromwell,bathroom,wash-hands,-3,-60,0,-100,100,-65,-100,0,0
534,Luna Cromwell,bathroom,wash-hands,-4,-65,0,-100,100,-70,-100,0,0
535,Luna Cromwell,bed,sleep,8,-30,0,-100,95,-75,-100,0,0
536,Luna Cromwell,bathroom,wash-hands,1,-35,0,-100,100,-80,-100,0,0
537,Luna Cromwell,bathroom,wash-hands,0,-40,0,-100,100,-85,-100,0,0
538,Luna Cromwell,bathroom,wash-hands,-1,-45,0,-100,100,-90,-100,0,0
539,Luna Cromwell,restaurant,eat,3,-50,0,-90,95,-45,-100,0,0
540,Luna Cromwell,bathroom,wash-hands,1,-55,0,-95,100,-50,-100,0,0
541,Luna Cromwell,bathroom,wash-hands,0,-60,0,-100,100,-55,-100,0,0
542,Luna Cromwell,bathroom,wash-hands,-1,-65,0,-100,100,-60,-100,0,0
543,Luna Cromwell,bathroom,wash-hands,-2,-70,0,-100,100,-65,-100,0,0
544,Luna Cromwell,bed,sleep,8,-35,0,-100,95,-70,-100,0,0
545,Luna Cromwell,bed,sleep,7,0,0,-100,90,-75,-100,0,0
546,Luna Cromwell,bathroom,wash-hands,1,-5,0,-100,100,-80,-100,0,0
547,Luna Cromwell,bathroom,wash-hands,0,-10,0,-100,100,-85,-100,0,0
548,Luna Cromwell,bathroom,wash-hands,-1,-15,0,-100,100,-90,-100,0,0
549,Luna Cromwell,restaurant,eat,3,-20,0,-90,95,-45,-100,0,0
550,Luna Cromwell,bathroom,wash-hands,1,-25,0,-95,100,-50,-100,0,0
551,Luna Cromwell,bathroom,wash-hands,0,-30,0,-100,100,-55,-100,0,0
552,Luna Cromwell,bathroom,wash-hands,-1,-35,0,-100,100,-60,-100,0,0
553,Luna Cromwell,bathroom,wash-hands,-2,-40,0,-100,100,-65,-100,0,0
554,Luna Cromwell,bathroom,wash-hands,-3,-45,0,-100,100,-70,-100,0,0
555,Luna Cromwell,bathroom,wash-hands,-4,-50,0,-100,100,-75,-100,0,0
556,Luna Cromwell,restaurant,eat,3,-55,0,-90,95,-30,-100,0,0
557,Luna Cromwell,bathroom,wash-hands,1,-60,0,-95,100,-35,-100,0,0
558,Luna Cromwell,bathroom,wash-hands,0,-65,0,-100,100,-40,-100,0,0
559,Luna Cromwell,bathroom,wash-hands,-1,-70,0,-100,100,-45,-100,0,0
560,Luna Cromwell,bathroom,wash-hands,-2,-75,0,-100,100,-50,-100,0,0
561,Luna Cromwell,bed,sleep,8,-40,0,-100,95,-55,-100,0,0
562,Luna Cromwell,bed,sleep,7,-5,0,-100,90,-60,-100,0,0
563,Luna Cromwell,bathroom,wash-hands,1,-10,0,-100,100,-65,-100,0,0
564,Luna Cromwell,bathroom,wash-hands,0,-15,0,-100,100,-70,-100,0,0
565,Luna Cromwell,bathroom,wash-hands,-1,-20,0,-100,100,-75,-100,0,0
566,Luna Cromwell,bathroom,wash-hands,-2,-25,0,-100,100,-80,-100,0,0
567,Luna Cromwell,bathroom,wash-hands,-3,-30,0,-100,100,-85,-100,0,0
568,Luna Cromwell,restaurant,eat,3,-35,0,-90,95,-40,-100,0,0
569,Luna Cromwell,bathroom,wash-hands,1,-40,0,-95,100,-45,-100,0,0
570,Luna Cromwell,bathroom,wash-hands,0,-45,0,-100,100,-50,-100,0,0
571,Luna Cromwell,bathroom,wash-hands,-1,-50,0,-100,100,-55,-100,0,0
572,Luna Cromwell,bathroom,wash-hands,-2,-55,0,-100,100,-60,-100,0,0
573,Luna Cromwell,bathroom,wash-hands,-3,-60,0,-100,100,-65,-100,0,0
574,Luna Cromwell,bathroom,wash-hands,-4,-65,0,-100,100,-70,-100,0,0
575,Luna Cromwell,bed,sleep,8,-30,0,-100,95,-75,-100,0,0
576,Luna Cromwell,bathroom,wash-hands,1,-35,0,-100,100,-80,-100,0,0
577,Luna Cromwell,bathroom,wash-hands,0,-40,0,-100,100,-85,-100,0,0
578,Luna Cromwell,bathroom,wash-hands,-1,-45,0,-100,100,-90,-100,0,0
579,Luna Cromwell,restaurant,eat,3,-50,0,-90,95,-45,-100,0,0
580,Luna Cromwell,bathroom,wash-hands,1,-55,0,-95,100,-50,-100,0,0
581,Luna Cromwell,bathroom,wash-hands,0,-60,0,-100,100,-55,-100,0,0
582,Luna Cromwell,bathroom,wash-hands,-1,-65,0,-100,100,-60,-100,0,0
583,Luna Cromwell,bathroom,wash-hands,-2,-70,0,-100,100,-65,-100,0,0
584,Luna Cromwell,bed,sleep,8,-35,0,-100,95,-70,-100,0,0
585,Luna Cromwell,bed,sleep,7,0,0,-100,90,-75,-100,0,0
586,Luna Cromwell,bathroom,wash-hands,1,-5,0,-100,100,-80,-100,0,0
587,Luna Cromwell,bathroom,wash-hands,0,-10,0,-100,100,-85,-100,0,0
588,Luna Cromwell,bathroom,wash-hands,-1,-15,0,-100,100,-90,-100,0,0
589,Luna Cromwell,restaurant,eat,3,-20,0,-90,95,-45,-100,0,0
590,Luna Cromwell,bathroom,wash-hands,1,-25,0,-95,100,-50,-100,0,0
591,Luna Cromwell,bathroom,wash-hands,0,-30,0,-100,100,-55,-100,0,0
592,Luna Cromwell,bathroom,wash-hands,-1,-35,0,-100,100,-60,-100,0,0
593,Luna Cromwell,bathroom,wash-hands,-2,-40,0,-100,100,-65,-100,0,0
594,Luna Cromwell,bathroom,wash-hands,-3,-45,0,-100,100,-70,-100,0,0
595,Luna Cromwell,bathroom,wash-hands,-4,-50,0,-100,100,-75,-100,0,0
596,Luna Cromwell,restaurant,eat,3,-55,0,-90,95,-30,-100,0,0
597,Luna Cromwell,bathroom,wash-hands,1,-60,0,-95,100,-35,-100,0,0
598,Luna Cromwell,bathroom,wash-hands,0,-65,0,-100,100,-40,-100,0,0
599,Luna Cromwell,bathroom,wash-hands,-1,-70,0,-100,100,-45,-100,0,0
600,Luna Cromwell,bathroom,wash-hands,-2,-75,0,-100,100,-50,-100,0,0
601,Luna Cromwell,bed,sleep,8,-40,0,-100,95,-55,-100,0,0
602,Luna Cromwell,bed,sleep,7,-5,0,-100,90,-60,-100,0,0
603,Luna Cromwell,bathroom,wash-hands,1,-10,0,-100,100,-65,-100,0,0
604,Luna Cromwell,bathroom,wash-hands,0,-15,0,-100,100,-70,-100,0,0
605,Luna Cromwell,bathroom,wash-hands,-1,-20,0,-100,100,-75,-100,0,0
606,Luna Cromwell,bathroom,wash-hands,-2,-25,0,-100,100,-80,-100,0,0
607,Luna Cromwell,bathroom,wash-hands,-3,-30,0,-100,100,-85,-100,0,0
608,Luna Cromwell,restaurant,eat,3,-35,0,-90,95,-40,-100,0,0
609,Luna Cromwell,bathroom,wash-hands,1,-40,0,-95,100,-45,-100,0,0
610,Luna Cromwell,bathroom,wash-hands,0,-45,0,-100,100,-50,-100,0,0
611,Luna Cromwell,bathroom,wash-hands,-1,-50,0,-100,100,-55,-100,0,0
612,Luna Cromwell,bathroom,wash-hands,-2,-55,0,-100,100,-60,-100,0,0
613,Luna Cromwell,bathroom,wash-hands,-3,-60,0,-100,100,-65,-100,0,0
614,Luna Cromwell,bathroom,wash-hands,-4,-65,0,-100,100,-70,-100,0,0
615,Luna Cromwell,bed,sleep,8,-30,0,-100,95,-75,-100,0,0
616,Luna Cromwell,bathroom,wash-hands,1,-35,0,-100,100,-80,-100,0,0
617,Luna Cromwell,bathroom,wash-hands,0,-40,0,-100,100,-85,-100,0,0
618,Luna Cromwell,bathroom,wash-hands,-1,-45,0,-100,100,-90,-100,0,0
619,Luna Cromwell,restaurant,eat,3,-50,0,-90,95,-45,-100,0,0
620,Luna Cromwell,bathroom,wash-hands,1,-55,0,-95,100,-50,-100,0,0
621,Luna Cromwell,bathroom,wash-hands,0,-60,0,-100,100,-55,-100,0,0
622,Luna Cromwell,bathroom,wash-hands,-1,-65,0,-100,100,-60,-100,0,0
623,Luna Cromwell,bathroom,wash-hands,-2,-70,0,-100,100,-65,-100,0,0
624,Luna Cromwell,bed,sleep,8,-35,0,-100,95,-70,-100,0,0
625,Luna Cromwell,bed,sleep,7,0,0,-100,90,-75,-100,0,0
626,Luna Cromwell,bathroom,wash-hands,1,-5,0,-100,100,-80,-100,0,0
627,Luna Cromwell,bathroom,wash-hands,0,-10,0,-100,100,-85,-100,0,0
628,Luna Cromwell,bathroom,wash-hands,-1,-15,0,-100,100,-90,-100,0,0
629,Luna Cromwell,restaurant,eat,3,-20,0,-90,95,-45,-100,0,0
630,Luna Cromwell,bathroom,wash-hands,1,-25,0,-95,100,-50,-100,0,0
631,Luna Cromwell,bathroom,wash-hands,0,-30,0,-100,100,-55,-100,0,0
632,Luna Cromwell,bathroom,wash-hands,-1,-35,0,-100,100,-60,-100,0,0
633,Luna Cromwell,bathroom,wash-hands,-2,-40,0,-100,100,-65,-100,0,0
634,Luna Cromwell,bathroom,wash-hands,-3,-45,0,-100,100,-70,-100,0,0
635,Luna Cromwell,bathroom,wash-hands,-4,-50,0,-100,100,-75,-100,0,0
636,Luna Cromwell,restaurant,eat,3,-55,0,-90,95,-30,-100,0,0
637,Luna Cromwell,bathroom,wash-hands,1,-60,0,-95,100,-35,-100,0,0
638,Luna Cromwell,bathroom,wash-hands,0,-65,0,-100,100,-40,-100,0,0
639,Luna Cromwell,bathroom,wash-hands,-1,-70,0,-100,100,-45,-100,0,0
640,Luna Cromwell,bathroom,wash-hands,-2,-75,0,-100,100,-50,-100,0,0
641,Luna Cromwell,bed,sleep,8,-40,0,-100,95,-55,-100,0,0
642,Luna Cromwell,bed,sleep,7,-5,0,-100,90,-60,-100,0,0
643,Luna Cromwell,bathroom,wash-hands,1,-10,0,-100,100,-65,-100,0,0
644,Luna Cromwell,bathroom,wash-hands,0,-15,0,-100,100,-70,-100,0,0
645,Luna Cromwell,bathroom,wash-hands,-1,-20,0,-100,100,-75,-100,0,0
646,Luna Cromwell,bathroom,wash-hands,-2,-25,0,-100,100,-80,-100,0,0
647,Luna Cromwell,bathroom,wash-hands,-3,-30,0,-100,100,-85,-100,0,0
648,Luna Cromwell,restaurant,eat,3,-35,0,-90,95,-40,-100,0,0
649,Luna Cromwell,bathroom,wash-hands,1,-40,0,-95,100,-45,-100,0,0
650,Luna Cromwell,bathroom,wash-hands,0,-45,0,-100,100,-50,-100,0,0
651,Luna Cromwell,bathroom,wash-hands,-1,-50,0,-100,100,-55,-100,0,0
652,Luna Cromwell,bathroom,wash-hands,-2,-55,0,-100,100,-60,-100,0,0
653,Luna Cromwell,bathroom,wash-hands,-3,-60,0,-100,100,-65,-100,0,0
654,Luna Cromwell,bathroom,wash-hands,-4,-65,0,-100,100,-70,-100,0,0
655,Luna Cromwell,bed,sleep,8,-30,0,-100,95,-75,-100,0,0
656,Luna Cromwell,bathroom,wash-hands,1,-35,0,-100,100,-80,-100,0,0
657,Luna Cromwell,bathroom,wash-hands,0,-40,0,-100,100,-85,-100,0,0
658,Luna Cromwell,bathroom,wash-hands,-1,-45,0,-100,100,-90,-100,0,0
659,Luna Cromwell,restaurant,eat,3,-50,0,-90,95,-45,-100,0,0
660,Luna Cromwell,bathroom,wash-hands,1,-55,0,-95,100,-50,-100,0,0
661,Luna Cromwell,bathroom,wash-hands,0,-60,0,-100,100,-55,-100,0,0
662,Luna Cromwell,bathroom,wash-hands,-1,-65,0,-100,100,-60,-100,0,0
663,Luna Cromwell,bathroom,wash-hands,-2,-70,0,-100,100,-65,-100,0,0
664,Luna Cromwell,bed,sleep,8,-35,0,-100,95,-70,-100,0,0
665,Luna Cromwell,bed,sleep,7,0,0,-100,90,-75,-100,0,0
666,Luna Cromwell,bathroom,wash-hands,1,-5,0,-100,100,-80,-100,0,0
667,Luna Cromwell,bathroom,wash-hands,0,-10,0,-100,100,-85,-100,0,0
668,Luna Cromwell,bathroom,wash-hands,-1,-15,0,-100,100,-90,-100,0,0
669,Luna Cromwell,restaurant,eat,3,-20,0,-90,95,-45,-100,0,0
670,Luna Cromwell,bathroom,wash-hands,1,-25,0,-95,100,-50,-100,0,0
671,Luna Cromwell,bathroom,wash-hands,0,-30,0,-100,100,-55,-100,0,0
672,Luna Cromwell,bathroom,wash-hands,-1,-35,0,-100,100,-60,-100,0,0
673,Luna Cromwell,bathroom,wash-hands,-2,-40,0,-100,100,-65,-100,0,0
674,Luna Cromwell,bathroom,wash-hands,-3,-45,0,-100,100,-70,-100,0,0
675,Luna Cromwell,bathroom,wash-hands,-4,-50,0,-100,100,-75,-100,0,0
676,Luna Cromwell,restaurant,eat,3,-55,0,-90,95,-30,-100,0,0
677,Luna Cromwell,bathroom,wash-hands,1,-60,0,-95,100,-35,-100,0,0
678,Luna Cromwell,bathroom,wash-hands,0,-65,0,-100,100,-40,-100,0,0
679,Luna Cromwell,bathroom,wash-hands,-1,-70,0,-100,100,-45,-100,0,0
680,Luna Cromwell,bathroom,wash-hands,-2,-75,0,-100,100,-50,-100,0,0
681,Luna Cromwell,bed,sleep,8,-40,0,-100,95,-55,-100,0,0
682,Luna Cromwell,bed,sleep,7,-5,0,-100,90,-60,-100,0,0
683,Luna Cromwell,bathroom,wash-hands,1,-10,0,-100,100,-65,-100,0,0
684,Luna Cromwell,bathroom,wash-hands,0,-15,0,-100,100,-70,-100,0,0
685,Luna Cromwell,bathroom,wash-hands,-1,-20,0,-100,100,-75,-100,0,0
686,Luna Cromwell,bathroom,wash-hands,-2,-25,0,-100,100,-80,-100,0,0
687,Luna Cromwell,bathroom,wash-hands,-3,-30,0,-100,100,-85,-100,0,0
688,Luna Cromwell,restaurant,eat,3,-35,0,-90,95,-40,-100,0,0
689,Luna Cromwell,bathroom,wash-hands,1,-40,0,-95,100,-45,-100,0,0
690,Luna Cromwell,bathroom,wash-hands,0,-45,0,-100,100,-50,-100,0,0
691,Luna Cromwell,bathroom,wash-hands,-1,-50,0,-100,100,-55,-100,0,0
692,Luna Cromwell,bathroom,wash-hands,-2,-55,0,-100,100,-60,-100,0,0
693,Luna Cromwell,bathroom,wash-hands,-3,-60,0,-100,100,-65,-100,0,0
694,Luna Cromwell,bathroom,wash-hands,-4,-65,0,-100,100,-70,-100,0,0
695,Luna Cromwell,bed,sleep,8,-30,0,-100,95,-75,-100,0,0
696,Luna Cromwell,bathroom,wash-hands,1,-35,0,-100,100,-80,-100,0,0
697,Luna Cromwell,bathroom,wash-hands,0,-40,0,-100,100,-85,-100,0,0
698,Luna Cromwell,bathroom,wash-hands,-1,-45,0,-100,100,-90,-100,0,0
699,Luna Cromwell,restaurant,eat,3,-50,0,-90,95,-45,-100,0,0
700,Luna Cromwell,bathroom,wash-hands,1,-55,0,-95,100,-50,-100,0,0
701,Luna Cromwell,bathroom,wash-hands,0,-60,0,-100,100,-55,-100,0,0
702,Luna Cromwell,bathroom,wash-hands,-1,-65,0,-100,100,-60,-100,0,0
703,Luna Cromwell,bathroom,wash-hands,-2,-70,0,-100,100,-65,-100,0,0
704,Luna Cromwell,bed,sleep,8,-35,0,-100,95,-70,-100,0,0
705,Luna Cromwell,bed,sleep,7,0,0,-100,90,-75,-100,0,0
706,Luna Cromwell,bathroom,wash-hands,1,-5,0,-100,100,-80,-100,0,0
707,Luna Cromwell,bathroom,wash-hands,0,-10,0,-100,100,-85,-100,0,0
708,Luna Cromwell,bathroom,wash-hands,-1,-15,0,-100,100,-90,-100,0,0
709,Luna Cromwell,restaurant,eat,3,-20,0,-90,95,-45,-100,0,0
710,Luna Cromwell,bathroom,wash-hands,1,-25,0,-95,100,-50,-100,0,0
711,Luna Cromwell,bathroom,wash-hands,0,-30,0,-100,100,-55,-100,0,0
712,Luna Cromwell,bathroom,wash-hands,-1,-35,0,-100,100,-60,-100,0,0
713,Luna Cromwell,bathroom,wash-hands,-2,-40,0,-100,100,-65,-100,0,0
714,Luna Cromwell,bathroom,wash-hands,-3,-45,0,-100,100,-70,-100,0,0
715,Luna Cromwell,bathroom,wash-hands,-4,-50,0,-100,100,-75,-100,0,0
716,Luna Cromwell,restaurant,eat,3,-55,0,-90,95,-30,-100,0,0
717,Luna Cromwell,bathroom,wash-hands,1,-60,0,-95,100,-35,-100,0,0
718,Luna Cromwell,bathroom,wash-hands,0,-65,0,-100,100,-40,-100,0,0
719,Luna Cromwell,bathroom,wash-hands,-1,-70,0,-100,100,-45,-100,0,0
720,Luna Cromwell,bathroom,wash-hands,-2,-75,0,-100,100,-50,-100,0,0
721,Luna Cromwell,bed,sleep,8,-40,0,-100,95,-55,-100,0,0
722,Luna Cromwell,bed,sleep,7,-5,0,-100,90,-60,-100,0,0
723,Luna Cromwell,bathroom,wash-hands,1,-10,0,-100,100,-65,-100,0,0
724,Luna Cromwell,bathroom,wash-hands,0,-15,0,-100,100,-70,-100,0,0
725,Luna Cromwell,bathroom,wash-hands,-1,-20,0,-100,100,-75,-100,0,0
726,Luna Cromwell,bathroom,wash-hands,-2,-25,0,-100,100,-80,-100,0,0
727,Luna Cromwell,bathroom,wash-hands,-3,-30,0,-100,100,-85,-100,0,0
728,Luna Cromwell,restaurant,eat,3,-35,0,-90,95,-40,-100,0,0
729,Luna Cromwell,bathroom,wash-hands,1,-40,0,-95,100,-45,-100,0,0
730,Luna Cromwell,bathroom,wash-hands,0,-45,0,-100,100,-50,-100,0,0
731,Luna Cromwell,bathroom,wash-hands,-1,-50,0,-100,100,-55,-100,0,0
732,Luna Cromwell,bathroom,wash-hands,-2,-55,0,-100,100,-60,-100,0,0
733,Luna Cromwell,bathroom,wash-hands,-3,-60,0,-100,100,-65,-100,0,0
734,Luna Cromwell,bathroom,wash-hands,-4,-65,0,-100,100,-70,-100,0,0
735,Luna Cromwell,bed,sleep,8,-30,0,-100,95,-75,-100,0,0
736,Luna Cromwell,bathroom,wash-hands,1,-35,0,-100,100,-80,-100,0,0
737,Luna Cromwell,bathroom,wash-hands,0,-40,0,-100,100,-85,-100,0,0
738,Luna Cromwell,bathroom,wash-hands,-1,-45,0,-100,100,-90,-100,0,0
739,Luna Cromwell,restaurant,eat,3,-50,0,-90,95,-45,-100,0,0
740,Luna Cromwell,bathroom,wash-hands,1,-55,0,-95,100,-50,-100,0,0
741,Luna Cromwell,bathroom,wash-hands,0,-60,0,-100,100,-55,-100,0,0
742,Luna Cromwell,bathroom,wash-hands,-1,-65,0,-100,100,-60,-100,0,0
743,Luna Cromwell,bathroom,wash-hands,-2,-70,0,-100,100,-65,-100,0,0
744,Luna Cromwell,bed,sleep,8,-35,0,-100,95,-70,-100,0,0
745,Luna Cromwell,bed,sleep,7,0,0,-100,90,-75,-100,0,0
746,Luna Cromwell,bathroom,wash-hands,1,-5,0,-100,100,-80,-100,0,0
747,Luna Cromwell,bathroom,wash-hands,0,-10,0,-100,100,-85,-100,0,0
748,Luna Cromwell,bathroom,wash-hands,-1,-15,0,-100,100,-90,-100,0,0
749,Luna Cromwell,restaurant,eat,3,-20,0,-90,95,-45,-100,0,0
750,Luna Cromwell,bathroom,wash-hands,1,-25,0,-95,100,-50,-100,0,0
751,Luna Cromwell,bathroom,wash-hands,0,-30,0,-100,100,-55,-100,0,0
752,Luna Cromwell,bathroom,wash-hands,-1,-35,0,-100,100,-60,-100,0,0
753,Luna Cromwell,bathroom,wash-hands,-2,-40,0,-100,100,-65,-100,0,0
754,Luna Cromwell,bathroom,wash-hands,-3,-45,0,-100,100,-70,-100,0,0
755,Luna Cromwell,bathroom,wash-hands,-4,-50,0,-100,100,-75,-100,0,0
756,Luna Cromwell,restaurant,eat,3,-55,0,-90,95,-30,-100,0,0
757,Luna Cromwell,bathroom,wash-hands,1,-60,0,-95,100,-35,-100,0,0
758,Luna Cromwell,bathroom,wash-hands,0,-65,0,-100,100,-40,-100,0,0
759,Luna Cromwell,bathroom,wash-hands,-1,-70,0,-100,100,-45,-100,0,0
760,Luna Cromwell,bathroom,wash-hands,-2,-75,0,-100,100,-50,-100,0,0
761,Luna Cromwell,bed,sleep,8,-40,0,-100,95,-55,-100,0,0
762,Luna Cromwell,bed,sleep,7,-5,0,-100,90,-60,-100,0,0
763,Luna Cromwell,bathroom,wash-hands,1,-10,0,-100,100,-65,-100,0,0
764,Luna Cromwell,bathroom,wash-hands,0,-15,0,-100,100,-70,-100,0,0
765,Luna Cromwell,bathroom,wash-hands,-1,-20,0,-100,100,-75,-100,0,0
766,Luna Cromwell,bathroom,wash-hands,-2,-25,0,-100,100,-80,-100,0,0
767,Luna Cromwell,bathroom,wash-hands,-3,-30,0,-100,100,-85,-100,0,0
768,Luna Cromwell,restaurant,eat,3,-35,0,-90,95,-40,-100,0,0
769,Luna Cromwell,bathroom,wash-hands,1,-40,0,-95,100,-45,-100,0,0
770,Luna Cromwell,bathroom,wash-hands,0,-45,0,-100,100,-50,-100,0,0
771,Luna Cromwell,bathroom,wash-hands,-1,-50,0,-100,100,-55,-100,0,0
772,Luna Cromwell,bathroom,wash-hands,-2,-55,0,-100,100,-60,-100,0,0
773,Luna Cromwell,bathroom,wash-hands,-3,-60,0,-100,100,-65,-100,0,0
774,Luna Cromwell,bathroom,wash-hands,-4,-65,0,-100,100,-70,-100,0,0
775,Luna Cromwell,bed,sleep,8,-30,0,-100,95,-75,-100,0,0
776,Luna Cromwell,bathroom,wash-hands,1,-35,0,-100,100,-80,-100,0,0
777,Luna Cromwell,bathroom,wash-hands,0,-40,0,-100,100,-85,-100,0,0
778,Luna Cromwell,bathroom,wash-hands,-1,-45,0,-100,100,-90,-100,0,0
779,Luna Cromwell,restaurant,eat,3,-50,0,-90,95,-45,-100,0,0
780,Luna Cromwell,bathroom,wash-hands,1,-55,0,-95,100,-50,-100,0,0
781,Luna Cromwell,bathroom,wash-hands,0,-60,0,-100,100,-55,-100,0,0
782,Luna Cromwell,bathroom,wash-hands,-1,-65,0,-100,100,-60,-100,0,0
783,Luna Cromwell,bathroom,wash-hands,-2,-70,0,-100,100,-65,-100,0,0
784,Luna Cromwell,bed,sleep,8,-35,0,-100,95,-70,-100,0,0
785,Luna Cromwell,bed,sleep,7,0,0,-100,90,-75,-100,0,0
786,Luna Cromwell,bathroom,wash-hands,1,-5,0,-100,100,-80,-100,0,0
787,Luna Cromwell,bathroom,wash-hands,0,-10,0,-100,100,-85,-100,0,0
788,Luna Cromwell,bathroom,wash-hands,-1,-15,0,-100,100,-90,-100,0,0
789,Luna Cromwell,restaurant,eat,3,-20,0,-90,95,-45,-100,0,0
790,Luna Cromwell,bathroom,wash-hands,1,-25,0,-95,100,-50,-100,0,0
791,Luna Cromwell,bathroom,wash-hands,0,-30,0,-100,100,-55,-100,0,0
792,Luna Cromwell,bathroom,wash-hands,-1,-35,0,-100,100,-60,-100,0,0
793,Luna Cromwell,bathroom,wash-hands,-2,-40,0,-100,100,-65,-100,0,0
794,Luna Cromwell,bathroom,wash-hands,-3,-45,0,-100,100,-70,-100,0,0
795,Luna Cromwell,bathroom,wash-hands,-4,-50,0,-100,100,-75,-100,0,0
796,Luna Cromwell,restaurant,eat,3,-55,0,-90,95,-30,-100,0,0
797,Luna Cromwell,bathroom,wash-hands,1,-60,0,-95,100,-35,-100,0,0
798,Luna Cromwell,bathroom,wash-hands,0,-65,0,-100,100,-40,-100,0,0
799,Luna Cromwell,bathroom,wash-hands,-1,-70,0,-100,100,-45,-100,0,0
800,Luna Cromwell,bathroom,wash-hands,-2,-75,0,-100,100,-50,-100,0,0
801,Luna Cromwell,bed,sleep,8,-40,0,-100,95,-55,-100,0,0
802,Luna Cromwell,bed,sleep,7,-5,0,-100,90,-60,-100,0,0
803,Luna Cromwell,bathroom,wash-hands,1,-10,0,-100,100,-65,-100,0,0
804,Luna Cromwell,bathroom,wash-hands,0,-15,0,-100,100,-70,-100,0,0
805,Luna Cromwell,bathroom,wash-hands,-1,-20,0,-100,100,-75,-100,0,0
806,Luna Cromwell,bathroom,wash-hands,-2,-25,0,-100,100,-80,-100,0,0
807,Luna Cromwell,bathroom,wash-hands,-3,-30,0,-100,100,-85,-100,0,0
808,Luna Cromwell,restaurant,eat,3,-35,0,-90,95,-40,-100,0,0
809,Luna Cromwell,bathroom,wash-hands,1,-40,0,-95,100,-45,-100,0,0
810,Luna Cromwell,bathroom,wash-hands,0,-45,0,-100,100,-50,-100,0,0
811,Luna Cromwell,bathroom,wash-hands,-1,-50,0,-100,100,-55,-100,0,0
812,Luna Cromwell,bathroom,wash-hands,-2,-55,0,-100,100,-60,-100,0,0
813,Luna Cromwell,bathroom,wash-hands,-3,-60,0,-100,100,-65,-100,0,0
814,Luna Cromwell,bathroom,wash-hands,-4,-65,0,-100,100,-70,-100,0,0
815,Luna Cromwell,bed,sleep,8,-30,0,-100,95,-75,-100,0,0
816,Luna Cromwell,bathroom,wash-hands,1,-35,0,-100,100,-80,-100,0,0
817,Luna Cromwell,bathroom,wash-hands,0,-40,0,-100,100,-85,-100,0,0
818,Luna Cromwell,bathroom,wash-hands,-1,-45,0,-100,100,-90,-100,0,0
819,Luna Cromwell,restaurant,eat,3,-50,0,-90,95,-45,-100,0,0
820,Luna Cromwell,bathroom,wash-hands,1,-55,0,-95,100,-50,-100,0,0
821,Luna Cromwell,bathroom,wash-hands,0,-60,0,-100,100,-55,-100,0,0
822,Luna Cromwell,bathroom,wash-hands,-1,-65,0,-100,100,-60,-100,0,0
823,Luna Cromwell,bathroom,wash-hands,-2,-70,0,-100,100,-65,-100,0,0
824,Luna Cromwell,bed,sleep,8,-35,0,-100,95,-70,-100,0,0
825,Luna Cromwell,bed,sleep,7,0,0,-100,90,-75,-100,0,0
826,Luna Cromwell,bathroom,wash-hands,1,-5,0,-100,100,-80,-100,0,0
827,Luna Cromwell,bathroom,wash-hands,0,-10,0,-100,100,-85,-100,0,0
828,Luna Cromwell,bathroom,wash-hands,-1,-15,0,-100,100,-90,-100,0,0
829,Luna Cromwell,restaurant,eat,3,-20,0,-90,95,-45,-100,0,0
830,Luna Cromwell,bathroom,wash-hands,1,-25,0,-95,100,-50,-100,0,0
831,Luna Cromwell,bathroom,wash-hands,0,-30,0,-100,100,-55,-100,0,0
832,Luna Cromwell,bathroom,wash-hands,-1,-35,0,-100,100,-60,-100,0,0
833,Luna Cromwell,bathroom,wash-hands,-2,-40,0,-100,100,-65,-100,0,0
834,Luna Cromwell,bathroom,wash-hands,-3,-45,0,-100,100,-70,-100,0,0
835,Luna Cromwell,bathroom,wash-hands,-4,-50,0,-100,100,-75,-100,0,0
836,Luna Cromwell,restaurant,eat,3,-55,0,-90,95,-30,-100,0,0
837,Luna Cromwell,bathroom,wash-hands,1,-60,0,-95,100,-35,-100,0,0
838,Luna Cromwell,bathroom,wash-hands,0,-65,0,-100,100,-40,-100,0,0
839,Luna Cromwell,bathroom,wash-hands,-1,-70,0,-100,100,-45,-100,0,0
840,Luna Cromwell,bathroom,wash-hands,-2,-75,0,-100,100,-50,-100,0,0
841,Luna Cromwell,bed,sleep,8,-40,0,-100,95,-55,-100,0,0
842,Luna Cromwell,bed,sleep,7,-5,0,-100,90,-60,-100,0,0
843,Luna Cromwell,bathroom,wash-hands,1,-10,0,-100,100,-65,-100,0,0
844,Luna Cromwell,bathroom,wash-hands,0,-15,0,-100,100,-70,-100,0,0
845,Luna Cromwell,bathroom,wash-hands,-1,-20,0,-100,100,-75,-100,0,0
846,Luna Cromwell,bathroom,wash-hands,-2,-25,0,-100,100,-80,-100,0,0
847,Luna Cromwell,bathroom,wash-hands,-3,-30,0,-100,100,-85,-100,0,0
848,Luna Cromwell,restaurant,eat,3,-35,0,-90,95,-40,-100,0,0
849,Luna Cromwell,bathroom,wash-hands,1,-40,0,-95,100,-45,-100,0,0
850,Luna Cromwell,bathroom,wash-hands,0,-45,0,-100,100,-50,-100,0,0
851,Luna Cromwell,bathroom,wash-hands,-1,-50,0,-100,100,-55,-100,0,0
852,Luna Cromwell,bathroom,wash-hands,-2,-55,0,-100,100,-60,-100,0,0
853,Luna Cromwell,bathroom,wash-hands,-3,-60,0,-100,100,-65,-100,0,0
854,Luna Cromwell,bathroom,wash-hands,-4,-65,0,-100,100,-70,-100,0,0
855,Luna Cromwell,bed,sleep,8,-30,0,-100,95,-75,-100,0,0
856,Luna Cromwell,bathroom,wash-hands,1,-35,0,-100,100,-80,-100,0,0
857,Luna Cromwell,bathroom,wash-hands,0,-40,0,-100,100,-85,-100,0,0
858,Luna Cromwell,bathroom,wash-hands,-1,-45,0,-100,100,-90,-100,0,0
859,Luna Cromwell,restaurant,eat,3,-50,0,-90,95,-45,-100,0,0
860,Luna Cromwell,bathroom,wash-hands,1,-55,0,-95,100,-50,-100,0,0
861,Luna Cromwell,bathroom,wash-hands,0,-60,0,-100,100,-55,-100,0,0
862,Luna Cromwell,bathroom,wash-hands,-1,-65,0,-100,100,-60,-100,0,0
863,Luna Cromwell,bathroom,wash-hands,-2,-70,0,-100,100,-65,-100,0,0
864,Luna Cromwell,bed,sleep,8,-35,0,-100,95,-70,-100,0,0
865,Luna Cromwell,bed,sleep,7,0,0,-100,90,-75,-100,0,0
866,Luna Cromwell,bathroom,wash-hands,1,-5,0,-100,100,-80,-100,0,0
867,Luna Cromwell,bathroom,wash-hands,0,-10,0,-100,100,-85,-100,0,0
868,Luna Cromwell,bathroom,wash-hands,-1,-15,0,-100,100,-90,-100,0,0
869,Luna Cromwell,restaurant,eat,3,-20,0,-90,95,-45,-100,0,0
870,Luna Cromwell,bathroom,wash-hands,1,-25,0,-95,100,-50,-100,0,0
871,Luna Cromwell,bathroom,wash-hands,0,-30,0,-100,100,-55,-100,0,0
872,Luna Cromwell,bathroom,wash-hands,-1,-35,0,-100,100,-60,-100,0,0
873,Luna Cromwell,bathroom,wash-hands,-2,-40,0,-100,100,-65,-100,0,0
874,Luna Cromwell,bathroom,wash-hands,-3,-45,0,-100,100,-70,-100,0,0
875,Luna Cromwell,bathroom,wash-hands,-4,-50,0,-100,100,-75,-100,0,0
876,Luna Cromwell,restaurant,eat,3,-55,0,-90,95,-30,-100,0,0
877,Luna Cromwell,bathroom,wash-hands,1,-60,0,-95,100,-35,-100,0,0
878,Luna Cromwell,bathroom,wash-hands,0,-65,0,-100,100,-40,-100,0,0
879,Luna Cromwell,bathroom,wash-hands,-1,-70,0,-100,100,-45,-100,0,0
880,Luna Cromwell,bathroom,wash-hands,-2,-75,0,-100,100,-50,-100,0,0
881,Luna Cromwell,bed,sleep,8,-40,0,-100,95,-55,-100,0,0
882,Luna Cromwell,bed,sleep,7,-5,0,-100,90,-60,-100,0,0
883,Luna Cromwell,bathroom,wash-hands,1,-10,0,-100,100,-65,-100,0,0
884,Luna Cromwell,bathroom,wash-hands,0,-15,0,-100,100,-70,-100,0,0
885,Luna Cromwell,bathroom,wash-hands,-1,-20,0,-100,100,-75,-100,0,0
886,Luna Cromwell,bathroom,wash-hands,-2,-25,0,-100,100,-80,-100,0,0
887,Luna Cromwell,bathroom,wash-hands,-3,-30,0,-100,100,-85,-100,0,0
888,Luna Cromwell,restaurant,eat,3,-35,0,-90,95,-40,-100,0,0
889,Luna Cromwell,bathroom,wash-hands,1,-40,0,-95,100,-45,-100,0,0
890,Luna Cromwell,bathroom,wash-hands,0,-45,0,-100,100,-50,-100,0,0
891,Luna Cromwell,bathroom,wash-hands,-1,-50,0,-100,100,-55,-100,0,0
892,Luna Cromwell,bathroom,wash-hands,-2,-55,0,-100,100,-60,-100,0,0
893,Luna Cromwell,bathroom,wash-hands,-3,-60,0,-100,100,-65,-100,0,0
894,Luna Cromwell,bathroom,wash-hands,-4,-65,0,-100,100,-70,-100,0,0
895,Luna Cromwell,bed,sleep,8,-30,0,-100,95,-75,-100,0,0
896,Luna Cromwell,bathroom,wash-hands,1,-35,0,-100,100,-80,-100,0,0
897,Luna Cromwell,bathroom,wash-hands,0,-40,0,-100,100,-85,-100,0,0
898,Luna Cromwell,bathroom,wash-hands,-1,-45,0,-100,100,-90,-100,0,0
899,Luna Cromwell,restaurant,eat,3,-50,0,-90,95,-45,-100,0,0
900,Luna Cromwell,bathroom,wash-hands,1,-55,0,-95,100,-50,-100,0,0
901,Luna Cromwell,bathroom,wash-hands,0,-60,0,-100,100,-55,-100,0,0
902,Luna Cromwell,bathroom,wash-hands,-1,-65,0,-100,100,-60,-100,0,0
903,Luna Cromwell,bathroom,wash-hands,-2,-70,0,-100,100,-65,-100,0,0
904,Luna Cromwell,bed,sleep,8,-35,0,-100,95,-70,-100,0,0
905,Luna Cromwell,bed,sleep,7,0,0,-100,90,-75,-100,0,0
906,Luna Cromwell,bathroom,wash-hands,1,-5,0,-100,100,-80,-100,0,0
907,Luna Cromwell,bathroom,wash-hands,0,-10,0,-100,100,-85,-100,0,0
908,Luna Cromwell,bathroom,wash-hands,-1,-15,0,-100,100,-90,-100,0,0
909,Luna Cromwell,restaurant,eat,3,-20,0,-90,95,-45,-100,0,0
910,Luna Cromwell,bathroom,wash-hands,1,-25,0,-95,100,-50,-100,0,0
911,Luna Cromwell,bathroom,wash-hands,0,-30,0,-100,100,-55,-100,0,0
912,Luna Cromwell,bathroom,wash-hands,-1,-35,0,-100,100,-60,-100,0,0
913,Luna Cromwell,bathroom,wash-hands,-2,-40,0,-100,100,-65,-100,0,0
914,Luna Cromwell,bathroom,wash-hands,-3,-45,0,-100,100,-70,-100,0,0
915,Luna Cromwell,bathroom,wash-hands,-4,-50,0,-100,100,-75,-100,0,0
916,Luna Cromwell,restaurant,eat,3,-55,0,-90,95,-30,-100,0,0
917,Luna Cromwell,bathroom,wash-hands,1,-60,0,-95,100,-35,-100,0,0
918,Luna Cromwell,bathroom,wash-hands,0,-65,0,-100,100,-40,-100,0,0
919,Luna Cromwell,bathroom,wash-hands,-1,-70,0,-100,100,-45,-100,0,0
920,Luna Cromwell,bathroom,wash-hands,-2,-75,0,-100,100,-50,-100,0,0
921,Luna Cromwell,bed,sleep,8,-40,0,-100,95,-55,-100,0,0
922,Luna Cromwell,bed,sleep,7,-5,0,-100,90,-60,-100,0,0
923,Luna Cromwell,bathroom,wash-hands,1,-10,0,-100,100,-65,-100,0,0
924,Luna Cromwell,bathroom,wash-hands,0,-15,0,-100,100,-70,-100,0,0
925,Luna Cromwell,bathroom,wash-hands,-1,-20,0,-100,100,-75,-100,0,0
926,Luna Cromwell,bathroom,wash-hands,-2,-25,0,-100,100,-80,-100,0,0
927,Luna Cromwell,bathroom,wash-hands,-3,-30,0,-100,100,-85,-100,0,0
928,Luna Cromwell,restaurant,eat,3,-35,0,-90,95,-40,-100,0,0
929,Luna Cromwell,bathroom,wash-hands,1,-40,0,-95,100,-45,-100,0,0
930,Luna Cromwell,bathroom,wash-hands,0,-45,0,-100,100,-50,-100,0,0
931,Luna Cromwell,bathroom,wash-hands,-1,-50,0,-100,100,-55,-100,0,0
932,Luna Cromwell,bathroom,wash-hands,-2,-55,0,-100,100,-60,-100,0,0
933,Luna Cromwell,bathroom,wash-hands,-3,-60,0,-100,100,-65,-100,0,0
934,Luna Cromwell,bathroom,wash-hands,-4,-65,0,-100,100,-70,-100,0,0
935,Luna Cromwell,bed,sleep,8,-30,0,-100,95,-75,-100,0,0
936,Luna Cromwell,bathroom,wash-hands,1,-35,0,-100,100,-80,-100,0,0
937,Luna Cromwell,bathroom,wash-hands,0,-40,0,-100,100,-85,-100,0,0
938,Luna Cromwell,bathroom,wash-hands,-1,-45,0,-100,100,-90,-100,0,0
939,Luna Cromwell,restaurant,eat,3,-50,0,-90,95,-45,-100,0,0
940,Luna Cromwell,bathroom,wash-hands,1,-55,0,-95,100,-50,-100,0,0
941,Luna Cromwell,bathroom,wash-hands,0,-60,0,-100,100,-55,-100,0,0
942,Luna Cromwell,bathroom,wash-hands,-1,-65,0,-100,100,-60,-100,0,0
943,Luna Cromwell,bathroom,wash-hands,-2,-70,0,-100,100,-65,-100,0,0
944,Luna Cromwell,bed,sleep,8,-35,0,-100,95,-70,-100,0,0
945,Luna Cromwell,bed,sleep,7,0,0,-100,90,-75,-100,0,0
946,Luna Cromwell,bathroom,wash-hands,1,-5,0,-100,100,-80,-100,0,0
947,Luna Cromwell,bathroom,wash-hands,0,-10,0,-100,100,-85,-100,0,0
948,Luna Cromwell,bathroom,wash-hands,-1,-15,0,-100,100,-90,-100,0,0
949,Luna Cromwell,restaurant,eat,3,-20,0,-90,95,-45,-100,0,0
950,Luna Cromwell,bathroom,wash-hands,1,-25,0,-95,100,-50,-100,0,0
951,Luna Cromwell,bathroom,wash-hands,0,-30,0,-100,100,-55,-100,0,0
952,Luna Cromwell,bathroom,wash-hands,-1,-35,0,-100,100,-60,-100,0,0
953,Luna Cromwell,bathroom,wash-hands,-2,-40,0,-100,100,-65,-100,0,0
954,Luna Cromwell,bathroom,wash-hands,-3,-45,0,-100,100,-70,-100,0,0
955,Luna Cromwell,bathroom,wash-hands,-4,-50,0,-100,100,-75,-100,0,0
956,Luna Cromwell,restaurant,eat,3,-55,0,-90,95,-30,-100,0,0
957,Luna Cromwell,bathroom,wash-hands,1,-60,0,-95,100,-35,-100,0,0
958,Luna Cromwell,bathroom,wash-hands,0,-65,0,-100,100,-40,-100,0,0
959,Luna Cromwell,bathroom,wash-hands,-1,-70,0,-100,100,-45,-100,0,0
960,Luna Cromwell,bathroom,wash-hands,-2,-75,0,-100,100,-50,-100,0,0
961,Luna Cromwell,bed,sleep,8,-40,0,-100,95,-55,-100,0,0
962,Luna Cromwell,bed,sleep,7,-5,0,-100,90,-60,-100,0,0
963,Luna Cromwell,bathroom,wash-hands,1,-10,0,-100,100,-65,-100,0,0
964,Luna Cromwell,bathroom,wash-hands,0,-15,0,-100,100,-70,-100,0,0
965,Luna Cromwell,bathroom,wash-hands,-1,-20,0,-100,100,-75,-100,0,0
966,Luna Cromwell,bathroom,wash-hands,-2,-25,0,-100,100,-80,-100,0,0
967,Luna Cromwell,bathroom,wash-hands,-3,-30,0,-100,100,-85,-100,0,0
968,Luna Cromwell,restaurant,eat,3,-35,0,-90,95,-40,-100,0,0
969,Luna Cromwell,bathroom,wash-hands,1,-40,0,-95,100,-45,-100,0,0
970,Luna Cromwell,bathroom,wash-hands,0,-45,0,-100,100,-50,-100,0,0
971,Luna Cromwell,bathroom,wash-hands,-1,-50,0,-100,100,-55,-100,0,0
972,Luna Cromwell,bathroom,wash-hands,-2,-55,0,-100,100,-60,-100,0,0
973,Luna Cromwell,bathroom,wash-hands,-3,-60,0,-100,100,-65,-100,0,0
974,Luna Cromwell,bathroom,wash-hands,-4,-65,0,-100,100,-70,-100,0,0
975,Luna Cromwell,bed,sleep,8,-30,0,-100,95,-75,-100,0,0
976,Luna Cromwell,bathroom,wash-hands,1,-35,0,-100,100,-80,-100,0,0
977,Luna Cromwell,bathroom,wash-hands,0,-40,0,-100,100,-85,-100,0,0
978,Luna Cromwell,bathroom,wash-hands,-1,-45,0,-100,100,-90,-100,0,0
979,Luna Cromwell,restaurant,eat,3,-50,0,-90,95,-45,-100,0,0
980,Luna Cromwell,bathroom,wash-hands,1,-55,0,-95,100,-50,-100,0,0
981,Luna Cromwell,bathroom,wash-hands,0,-60,0,-100,100,-55,-100,0,0
982,Luna Cromwell,bathroom,wash-hands,-1,-65,0,-100,100,-60,-100,0,0
983,Luna Cromwell,bathroom,wash-hands,-2,-70,0,-100,100,-65,-100,0,0
984,Luna Cromwell,bed,sleep,8,-35,0,-100,95,-70,-100,0,0
985,Luna Cromwell,bed,sleep,7,0,0,-100,90,-75,-100,0,0
986,Luna Cromwell,bathroom,wash-hands,1,-5,0,-100,100,-80,-100,0,0
987,Luna Cromwell,bathroom,wash-hands,0,-10,0,-100,100,-85,-100,0,0
988,Luna Cromwell,bathroom,wash-hands,-1,-15,0,-100,100,-90,-100,0,0
989,Luna Cromwell,restaurant,eat,3,-20,0,-90,95,-45,-100,0,0
990,Luna Cromwell,bathroom,wash-hands,1,-25,0,-95,100,-50,-100,0,0
991,Luna Cromwell,bathroom,wash-hands,0,-30,0,-100,100,-55,-100,0,0
992,Luna Cromwell,bathroom,wash-hands,-1,-35,0,-100,100,-60,-100,0,0
993,Luna Cromwell,bathroom,wash-hands,-2,-40,0,-100,100,-65,-100,0,0
994,Luna Cromwell,bathroom,wash-hands,-3,-45,0,-100,100,-70,-100,0,0
995,Luna Cromwell,bathroom,wash-hands,-4,-50,0,-100,100,-75,-100,0,0
996,Luna Cromwell,restaurant,eat,3,-55,0,-90,95,-30,-100,0,0
997,Luna Cromwell,bathroom,wash-hands,1,-60,0,-95,100,-35,-100,0,0
998,Luna Cromwell,bathroom,wash-hands,0,-65,0,-100,100,-40,-100,0,0
999,Luna Cromwell,bathroom,wash-hands,-1,-70,0,-100,100,-45,-100,0,0
1000,Luna Cromwell,bathroom,wash-hands,-2,-75,0,-100,100,-50,-100,0,0
